call_id,tool_name,display_name,family,purpose,permission_class,house_placement,exposure_tier,version,endpoint_protocol,billing_class,trust_tier,latency_ms,cost_weight,success_contract,failure_contract,sdk_dependencies,laws_enforced,status
TOOL-001,PULSE-KEEPER,Pulse Keeper,Context,Monitor and report organism heartbeat pulse at the 873ms cadence,organism.pulse.read,Sovereign Ring,INTERNAL,1.0.0,intelligence-wire/pulse-keeper,free,low,873,0,Returns current heartbeat status with beat number and uptime,Returns status dead if heartbeat is not running,@medina/organism-runtime-sdk,AL-019,active
TOOL-002,SYNC-WEAVER,Sync Weaver,Commander,Synchronize organism endpoints using phi-resonance Kuramoto coupling,organism.sync.write,Sovereign Ring,INTERNAL,1.0.0,intelligence-wire/sync-weaver,free,medium,100,2,Returns current synchronization state with order parameter R,Returns error if no oscillators registered or coupling fails,@medina/organism-runtime-sdk,AL-019 / AL-035,active
TOOL-003,FLOW-MONITOR,Flow Monitor,Crawling,Monitor data flow throughput and detect bottlenecks across all organism rings,organism.flow.read,Transport Ring,INTERNAL,1.0.0,intelligence-wire/flow-monitor,free,low,200,1,Returns flow status with throughput metrics and active channel count,Returns status blocked if all channels are saturated,@medina/intelligence-routing-sdk,AL-005 / AL-014,active
TOOL-004,STATE-GUARDIAN,State Guardian,Context,Read validate and protect 4-register organism state integrity,organism.state.read,Sovereign Ring,INTERNAL,1.0.0,intelligence-wire/state-guardian,free,high,50,1,Returns state snapshot with status ok when all registers are valid,Returns status violation with array of violations when state integrity is broken,@medina/organism-runtime-sdk,AL-005 / AL-006 / AL-007 / AL-020,active
TOOL-005,CYCLE-COUNTER,Cycle Counter,Context,Count and report organism lifecycle cycles — boot pulse settle rest and shutdown,organism.lifecycle.read,Sovereign Ring,INTERNAL,1.0.0,intelligence-wire/cycle-counter,free,low,50,0,Returns total cycle count and current lifecycle phase,Returns error if lifecycle tracking is unavailable,@medina/organism-runtime-sdk,AL-019,active
TOOL-006,INFER-ENGINE,Infer Engine,Commander,Route inference tasks to the optimal AI model by capability priority and cost,organism.inference.execute,Interface Ring,INTERNAL_SOVEREIGN,1.0.0,intelligence-wire/infer-engine,metered,medium,200,5,Returns the optimal model selection with score and alternatives,Returns status no-match if no model meets the requirements,@medina/intelligence-routing-sdk / @medina/ai-model-engines,AL-025 / AL-026,active
TOOL-007,PATTERN-SEEKER,Pattern Seeker,Crawling,Detect recurring patterns across organism data streams and memory lineage,organism.analysis.read,Memory Ring,INTERNAL,1.0.0,intelligence-wire/pattern-seeker,free,medium,500,3,Returns detected patterns with frequency scores and confidence levels,Returns status no-patterns if no significant patterns detected,@medina/sovereign-memory-sdk,AL-022 / AL-023,active
TOOL-008,CONTEXT-BUILDER,Context Builder,Context,Assemble rich execution context from organism state memory and environment,organism.context.read,Interface Ring,INTERNAL_SOVEREIGN,1.0.0,intelligence-wire/context-builder,metered,medium,300,2,Returns assembled context object with estimated token size,Returns status partial if some context sources unavailable,@medina/organism-runtime-sdk / @medina/sovereign-memory-sdk,AL-004 / AL-020,active
TOOL-009,ATTENTION-ROUTER,Attention Router,Commander,Route attention and focus across organism subsystems by urgency,organism.routing.write,Interface Ring,INTERNAL,1.0.0,intelligence-wire/attention-router,free,medium,100,2,Returns attention distribution map with focus target,Returns status overloaded if attention cannot be allocated,@medina/intelligence-routing-sdk,AL-025 / AL-027,active
TOOL-010,MEMORY-CONSOLIDATOR,Memory Consolidator,Context,Consolidate organism memories — merge branches prune stale entries and compact,organism.memory.write,Memory Ring,INTERNAL,1.0.0,intelligence-wire/memory-consolidator,metered,high,1000,5,Returns before/after memory counts with branches merged,Returns error if memory store is locked or unavailable,@medina/sovereign-memory-sdk,AL-022 / AL-023 / AL-024,active
TOOL-011,SENTINEL-WATCH,Sentinel Watch,Sentry,Real-time security monitoring — prompt injection phishing toxicity and PII detection,organism.security.read,Counsel Ring,INTERNAL,1.0.0,intelligence-wire/sentinel-watch,free,critical,150,3,Returns threat level assessment with details of any detected threats,Returns error if security scanning is unavailable,@medina/ai-model-engines,AL-010 / AL-011,active
TOOL-012,INTEGRITY-CHECKER,Integrity Checker,Sentry,Verify data integrity contract compliance and schema consistency,organism.integrity.read,Proof Ring,INTERNAL,1.0.0,intelligence-wire/integrity-checker,free,high,500,2,Returns integrity check results with pass/fail counts and violation details,Returns error if integrity checking system is unavailable,,AL-010 / AL-011 / AL-020,active
TOOL-013,BOUNDARY-ENFORCER,Boundary Enforcer,Sentry,Enforce organism boundaries — ring isolation and cross-ring communication validation,organism.boundary.write,Counsel Ring,INTERNAL,1.0.0,intelligence-wire/boundary-enforcer,free,critical,100,2,Returns boundary enforcement status with breach details,Returns error if boundary enforcement system is unavailable,,AL-001 / AL-014 / AL-015,active
TOOL-014,ANOMALY-DETECTOR,Anomaly Detector,Crawling,Detect anomalies in organism behavior — unexpected state changes and unusual latency,organism.analysis.read,Sovereign Ring,INTERNAL,1.0.0,intelligence-wire/anomaly-detector,free,medium,300,3,Returns anomaly detection results with deviation scores,Returns error if baseline data is insufficient,@medina/organism-runtime-sdk,AL-033 / AL-034,active
TOOL-015,SEAL-VERIFIER,Seal Verifier,Sentry,Verify cryptographic seals on intelligence contracts and data packages,organism.security.read,Counsel Ring,INTERNAL_SOVEREIGN,1.0.0,intelligence-wire/seal-verifier,metered,critical,100,2,Returns verification result with seal details,Returns status tampered if seal integrity is compromised,,AL-010 / AL-011,active
TOOL-016,RESOURCE-BALANCER,Resource Balancer,Commander,Balance compute memory and network resources across organism rings,organism.resources.write,Sovereign Ring,INTERNAL,1.0.0,intelligence-wire/resource-balancer,free,high,200,3,Returns balanced resource allocation map with utilization metrics,Returns status exhausted if resources cannot be allocated,@medina/organism-runtime-sdk,AL-033 / AL-036,active
TOOL-017,CONNECTION-POOL,Connection Pool,Commander,Manage connection pools for enterprise connectors and intelligence wires,organism.connections.read,Transport Ring,INTERNAL,1.0.0,intelligence-wire/connection-pool,free,medium,100,1,Returns pool status with connection counts and available capacity,Returns status saturated if all pools are at capacity,@medina/enterprise-integration-sdk,AL-014 / AL-028,active
TOOL-018,CACHE-OPTIMIZER,Cache Optimizer,Crawling,Optimize caching across organism memory layers — coherence and eviction,organism.cache.write,Memory Ring,INTERNAL,1.0.0,intelligence-wire/cache-optimizer,free,medium,150,2,Returns cache status with hit rate and entry counts,Returns status cold if cache is empty or freshly reset,@medina/sovereign-memory-sdk,AL-016 / AL-017,active
TOOL-019,QUEUE-PROCESSOR,Queue Processor,Sentry,Process organism task queues — priority queues for invocations and settlement,organism.queue.write,Transport Ring,INTERNAL,1.0.0,intelligence-wire/queue-processor,free,medium,200,2,Returns queue status with depth and processing metrics,Returns status full if queue capacity is exhausted,@medina/intelligence-routing-sdk,AL-015,active
TOOL-020,LOG-STREAMER,Log Streamer,Crawling,Stream organism logs in real-time — structured entries from all layers,organism.logs.read,Transport Ring,INTERNAL,1.0.0,intelligence-wire/log-streamer,free,low,100,1,Returns structured log entries matching the filter criteria,Returns status empty if no logs match the filter,,,active
TOOL-021,TOPOLOGY-CRAWLER,Topology Crawler,Crawling,Crawl organism topology — discover rings wires extensions protocols SDKs and tools,organism.topology.read,Sovereign Ring,INTERNAL,1.0.0,intelligence-wire/topology-crawler,free,medium,800,4,Returns full topology graph with node/edge counts and orphan detection,Returns status unreachable if organism root or start node cannot be reached,@medina/organism-runtime-sdk / @medina/intelligence-routing-sdk,AL-001 / AL-034 / AL-037,active
TOOL-022,LINEAGE-TRACER,Lineage Tracer,Context,Trace full lineage of organism entities — memories state transitions and decision paths,organism.lineage.read,Memory Ring,INTERNAL,1.0.0,intelligence-wire/lineage-tracer,free,medium,400,3,Returns full ancestor chain with fork points and root entity,Returns status not-found if entity ID does not exist in lineage store,@medina/sovereign-memory-sdk,AL-022 / AL-023 / AL-024,active
TOOL-023,DOCTRINE-AUDITOR,Doctrine Auditor,Sentry,Audit organism behavior against 40 architectural laws and sovereign doctrine,organism.governance.read,Counsel Ring,INTERNAL_SOVEREIGN,1.0.0,intelligence-wire/doctrine-auditor,metered,critical,600,4,Returns compliance score with per-law violation details and evidence,Returns status critical-drift if fundamental doctrine alignment is broken,@medina/organism-runtime-sdk,AL-021 / AL-037 / AL-038 / AL-039 / AL-040,active
TOOL-024,TASK-COMMANDER,Task Commander,Commander,Orchestrate multi-step task plans across tools agents and extensions with rollback,organism.command.execute,Interface Ring,INTERNAL_SOVEREIGN,1.0.0,intelligence-wire/task-commander,metered,high,1000,8,Returns execution ID with per-step results and progress tracking,Returns status failed with partial results and rollback option,@medina/intelligence-routing-sdk / @medina/organism-runtime-sdk,AL-025 / AL-027 / AL-036,active
TOOL-025,PROTOCOLLUM-ENGINE,Protocols Auto-Generator,Builder,Auto-generate organism protocol definitions and wire schemas from doctrine specifications,organism.sovereign,Sovereign Ring,INTERNAL_SOVEREIGN,1.0.0,intelligence-wire/protocollum-engine,metered,high,350,6,Returns generated protocol schema with validation results and wire binding,Returns error if doctrine specification is malformed or sovereign seal is missing,@medina/organism-runtime-sdk / @medina/intelligence-routing-sdk,AL-019 / AL-050 / AL-051,active
TOOL-026,TERMINALIS-ENGINE,Terminal Intelligence Generator,Builder,Generate terminal intelligence endpoints and CLI wire bindings for organism interactions,organism.sovereign,Interface Ring,INTERNAL,1.0.0,intelligence-wire/terminalis-engine,metered,medium,250,4,Returns generated terminal bindings with endpoint map and CLI schema,Returns error if terminal configuration is invalid or binding conflicts detected,@medina/organism-runtime-sdk,AL-025 / AL-044,active
TOOL-027,ORGANISMUS-ENGINE,SDK Organism Generator,Builder,Generate organism SDK packages with runtime bindings and sovereign memory integration,organism.sovereign,Sovereign Ring,INTERNAL_SOVEREIGN,1.0.0,intelligence-wire/organismus-engine,metered,critical,500,7,Returns generated SDK manifest with module tree and dependency graph,Returns error if organism schema is inconsistent or sovereign contract violated,@medina/organism-runtime-sdk / @medina/sovereign-memory-sdk,AL-019 / AL-020 / AL-033,active
TOOL-028,MERCATOR-ENGINE,Marketplace Tool Generator,Builder,Generate marketplace tool registrations and call routing entries for the organism ecosystem,organism.sovereign,Interface Ring,INTERNAL_SOVEREIGN,1.0.0,intelligence-wire/mercator-engine,metered,high,300,5,Returns generated marketplace entries with routing map and billing configuration,Returns error if tool schema conflicts with existing registry entries,@medina/organism-runtime-sdk / @medina/intelligence-routing-sdk,AL-052 / AL-053,active
TOOL-029,ORCHESTRATOR-ENGINE,Model Family Orchestrator,Builder,Orchestrate AI model family selection and routing across multi-provider intelligence endpoints,organism.sovereign,Sovereign Ring,INTERNAL_SOVEREIGN,1.0.0,intelligence-wire/orchestrator-engine,metered,high,400,6,Returns model orchestration plan with provider selection and fallback chain,Returns error if no model providers are available or routing constraints unresolvable,@medina/intelligence-routing-sdk / @medina/ai-model-engines,AL-025 / AL-047,active
TOOL-030,MATHEMATICUS-ENGINE,Math Constants Generator,Builder,Generate mathematical constants and phi-resonance calibration values for organism operations,organism.internal,Memory Ring,INTERNAL,1.0.0,intelligence-wire/mathematicus-engine,free,medium,50,0,Returns computed constants with precision metadata and resonance calibration values,Returns error if precision requirements exceed computational bounds,@medina/organism-runtime-sdk,AL-008 / AL-009,active
TOOL-031,SYNAPTICUS-ENGINE,Synapse Connection Generator,Builder,Generate synapse connection maps and neural wire bindings between organism subsystems,organism.sovereign,Transport Ring,INTERNAL,1.0.0,intelligence-wire/synapticus-engine,metered,high,300,5,Returns synapse connection graph with binding strength and activation thresholds,Returns error if connection topology creates circular dependencies or isolation breaches,@medina/intelligence-routing-sdk / @medina/organism-runtime-sdk,AL-035 / AL-059,active
TOOL-032,SUBSTRATUM-ENGINE,Blockchain Layer Generator,Builder,Generate blockchain substrate layers with consensus mechanisms and settlement protocols,organism.sovereign,Proof Ring,INTERNAL_SOVEREIGN,1.0.0,intelligence-wire/substratum-engine,premium,critical,800,9,Returns generated blockchain layer with consensus config and settlement endpoints,Returns error if consensus parameters are invalid or chain state is inconsistent,@medina/organism-runtime-sdk / @medina/enterprise-integration-sdk,AL-058 / AL-014,active
TOOL-033,UNIVERSUM-ENGINE,Ecosystem Domain Generator,Builder,Generate ecosystem domain boundaries and cross-domain routing rules for organism expansion,organism.sovereign,Sovereign Ring,INTERNAL_SOVEREIGN,1.0.0,intelligence-wire/universum-engine,metered,high,450,6,Returns domain topology with boundary definitions and cross-domain routing map,Returns error if domain conflicts detected or expansion violates sovereign doctrine,@medina/organism-runtime-sdk / @medina/intelligence-routing-sdk,AL-021 / AL-029,active
TOOL-034,CANISTRUM-ENGINE,Canister Factory Generator,Builder,Generate canister factory deployments with wasm compilation and state isolation for smart contracts,organism.sovereign,Proof Ring,INTERNAL_SOVEREIGN,1.0.0,intelligence-wire/canistrum-engine,premium,critical,900,9,Returns compiled canister package with deployment manifest and state isolation proof,Returns error if wasm compilation fails or state isolation constraints violated,@medina/organism-runtime-sdk / @medina/enterprise-integration-sdk,AL-058 / AL-036,active
TOOL-035,LICENTIATOR-ENGINE,License Rights Generator,Builder,Generate license grants and rights management entries for organism marketplace partners,organism.sovereign,Counsel Ring,INTERNAL_SOVEREIGN,1.0.0,intelligence-wire/sovereign-commerce,metered,high,200,4,Returns license grant with rights matrix and partner entitlement configuration,Returns error if license terms conflict or partner verification fails,@medina/organism-runtime-sdk / @medina/sovereign-commerce-engine,AL-021 / AL-052,active
TOOL-036,DEFENSOR-ENGINE,Defense Arsenal Generator,Builder,Generate defense arsenal configurations with threat detection rules and incident response playbooks,organism.sovereign,Counsel Ring,INTERNAL_SOVEREIGN,1.0.0,intelligence-wire/defensor-engine,metered,critical,250,6,Returns defense configuration with threat rules and response playbook bindings,Returns error if threat model is incomplete or response chain has gaps,@medina/organism-runtime-sdk / @medina/ai-model-engines,AL-033 / AL-041 / AL-043,active
TOOL-037,PROTOCOL-FUSION-ROUTER,Protocol Model Fusion Router,Commander,Fuse protocol definitions with AI model capabilities for cross-domain intelligent routing,organism.command.execute,Sovereign Ring,INTERNAL_SOVEREIGN,1.0.0,intelligence-wire/protocol-fusion-router,metered,high,300,6,Returns fused routing plan with protocol-model binding map and optimization score,Returns error if protocol schema is incompatible with available model capabilities,@medina/intelligence-routing-sdk / @medina/ai-model-engines,AL-025 / AL-050,active
TOOL-038,OBSERVER-AI-SCANNER,Observer Intelligence Scanner,Crawling,Scan and observe organism subsystem behaviors for intelligence pattern recognition,organism.analysis.read,Sovereign Ring,INTERNAL,1.0.0,intelligence-wire/observer-ai-scanner,free,medium,200,1,Returns observed behavior patterns with anomaly flags and confidence scores,Returns error if observation targets are unreachable or scan window expired,@medina/organism-runtime-sdk,AL-033 / AL-034,active
TOOL-039,WORKER-ORCHESTRATOR,Web Worker Orchestrator,Commander,Orchestrate web worker threads for parallel task execution across organism subsystems,organism.command.execute,Interface Ring,INTERNAL,1.0.0,intelligence-wire/worker-orchestrator,metered,medium,150,3,Returns worker allocation map with thread status and task distribution,Returns error if worker pool is exhausted or thread isolation violated,@medina/intelligence-routing-sdk,AL-025 / AL-036,active
TOOL-040,KNOWLEDGE-GRAPH-ENGINE,Knowledge Graph Engine,Context,Build and query knowledge graphs from organism memory and contextual data sources,organism.context.read,Memory Ring,INTERNAL_SOVEREIGN,1.0.0,intelligence-wire/knowledge-graph-engine,metered,high,400,5,Returns knowledge graph query results with entity relationships and traversal paths,Returns error if graph store is unavailable or query exceeds complexity bounds,@medina/sovereign-memory-sdk / @medina/organism-runtime-sdk,AL-022 / AL-023,active
TOOL-041,AUTONOMOUS-AGENT-PLANNER,Autonomous Agent Planner,Commander,Plan and coordinate autonomous agent workflows with multi-step goal decomposition,organism.command.execute,Sovereign Ring,INTERNAL_SOVEREIGN,1.0.0,intelligence-wire/autonomous-agent-planner,premium,critical,600,8,Returns agent execution plan with step graph and rollback checkpoints,Returns error if goal decomposition fails or agent constraints are unsatisfiable,@medina/intelligence-routing-sdk / @medina/organism-runtime-sdk,AL-025 / AL-027 / AL-033,active
TOOL-042,SUBSTRATE-BRIDGE-RELAY,Substrate Bridge Relay,Commander,Relay cross-chain bridge transactions between blockchain substrates with finality guarantees,organism.command.execute,Proof Ring,INTERNAL_SOVEREIGN,1.0.0,intelligence-wire/substrate-bridge-relay,premium,critical,700,9,Returns bridge transaction receipt with finality proof and settlement confirmation,Returns error if cross-chain verification fails or finality timeout exceeded,@medina/enterprise-integration-sdk / @medina/organism-runtime-sdk,AL-058 / AL-014,active
TOOL-043,SECURITY-ARSENAL-SCANNER,Security Arsenal Scanner,Sentry,Scan organism attack surfaces and evaluate security posture across all defense layers,organism.security.read,Counsel Ring,INTERNAL,1.0.0,intelligence-wire/security-arsenal-scanner,metered,high,350,4,Returns security posture report with vulnerability scores and remediation priorities,Returns error if scan targets are inaccessible or threat intelligence feed unavailable,@medina/organism-runtime-sdk / @medina/ai-model-engines,AL-010 / AL-041,active
TOOL-044,MARKETPLACE-REGISTRY-MANAGER,Marketplace Registry Manager,Builder,Manage marketplace tool registry entries with versioning and deprecation lifecycle support,organism.sovereign,Interface Ring,INTERNAL_SOVEREIGN,1.0.0,intelligence-wire/marketplace-registry-manager,metered,high,250,4,Returns registry operation result with updated tool manifest and version history,Returns error if registry entry conflicts with existing tools or version is invalid,@medina/organism-runtime-sdk / @medina/intelligence-routing-sdk,AL-052 / AL-053,active
TOOL-045,EMERGENCE-DETECTOR,Emergence Detector,Crawling,Detect emergent behaviors and self-organizing patterns across organism subsystem interactions,organism.analysis.read,Sovereign Ring,INTERNAL,1.0.0,intelligence-wire/emergence-detector,free,medium,500,2,Returns emergence analysis with pattern classification and complexity metrics,Returns error if observation window is insufficient or baseline data unavailable,@medina/organism-runtime-sdk,AL-033 / AL-034,active
TOOL-046,LAW-ENFORCEMENT-WIRE,Law Enforcement Wire,Sentry,Enforce architectural law compliance in real-time across organism operations and state transitions,organism.governance.read,Counsel Ring,INTERNAL_SOVEREIGN,1.0.0,intelligence-wire/law-enforcement-wire,metered,critical,100,3,Returns enforcement verdict with per-law compliance status and violation evidence,Returns error if law registry is unavailable or enforcement chain is broken,@medina/organism-runtime-sdk,AL-021 / AL-037 / AL-038,active
TOOL-047,MULTI-MODEL-CONSENSUS,Multi-Model Consensus Engine,Commander,Coordinate cross-model consensus by aggregating outputs from multiple AI providers,organism.command.execute,Interface Ring,INTERNAL_SOVEREIGN,1.0.0,intelligence-wire/multi-model-consensus,premium,critical,800,9,Returns consensus result with per-model votes and confidence aggregation,Returns error if quorum threshold unmet or model provider responses timed out,@medina/intelligence-routing-sdk / @medina/ai-model-engines,AL-025 / AL-026 / AL-047,active
TOOL-048,PHI-RESONANCE-COORDINATOR,Phi Resonance Coordinator,Context,Coordinate phi-resonance synchronization parameters across organism oscillator networks,organism.pulse.read,Sovereign Ring,INTERNAL,1.0.0,intelligence-wire/phi-resonance-coordinator,free,medium,100,1,Returns resonance status with order parameter and oscillator phase distribution,Returns error if oscillator network is partitioned or coupling constants diverge,@medina/organism-runtime-sdk,AL-008 / AL-035,active
TOOL-049,HEARTBEAT-HEALTH-MONITOR,Heartbeat Health Monitor,Context,Monitor organism heartbeat health metrics and report degradation or failure conditions,organism.pulse.read,Sovereign Ring,INTERNAL,1.0.0,intelligence-wire/heartbeat-health-monitor,free,low,50,0,Returns heartbeat health status with pulse regularity and degradation indicators,Returns status critical if heartbeat has stopped or interval exceeds tolerance,@medina/organism-runtime-sdk,AL-019,active
TOOL-050,DOCTRINE-COMPLIANCE-AUDITOR,Doctrine Compliance Auditor,Sentry,Audit all organism operations against sovereign doctrine with evidence collection and scoring,organism.governance.read,Counsel Ring,INTERNAL_SOVEREIGN,1.0.0,intelligence-wire/doctrine-compliance-auditor,sovereign,critical,700,7,Returns compliance audit report with per-doctrine scores and evidence trails,Returns error if doctrine registry is unavailable or audit scope exceeds capacity,@medina/organism-runtime-sdk,AL-021 / AL-037 / AL-039 / AL-040,active
TOOL-051,CROSS-WORKER-MESSENGER,Cross Worker Messenger,Commander,Route messages between organism web workers with guaranteed delivery and ordering,organism.routing.write,Transport Ring,INTERNAL,1.0.0,intelligence-wire/cross-worker-messenger,free,medium,80,1,Returns delivery receipt with message sequence number and routing path,Returns error if target worker is unreachable or message queue is full,@medina/intelligence-routing-sdk,AL-014 / AL-015,active
TOOL-052,ENTITY-DEDUPLICATOR,Entity Deduplicator,Crawling,Detect and merge duplicate entities across organism memory stores and knowledge graphs,organism.memory.write,Memory Ring,INTERNAL,1.0.0,intelligence-wire/entity-deduplicator,metered,medium,400,3,Returns deduplication results with merged entity count and conflict resolution log,Returns error if memory store is locked or merge conflicts cannot be auto-resolved,@medina/sovereign-memory-sdk,AL-022 / AL-024,active
TOOL-053,PROMPT-SHIELD,Prompt Shield,Sentry,Detect and block prompt injection attacks across all organism inference endpoints,organism.security.read,Counsel Ring,INTERNAL,1.0.0,intelligence-wire/prompt-shield,free,critical,60,1,Returns threat assessment with injection probability score and blocked payload hash,Returns error if shield model is unavailable or input exceeds scan capacity,@medina/ai-model-engines,AL-010 / AL-011 / AL-043,active
TOOL-054,PII-SENTINEL,PII Sentinel,Sentry,Detect and redact personally identifiable information in organism data flows and outputs,organism.security.read,Counsel Ring,INTERNAL,1.0.0,intelligence-wire/pii-sentinel,free,critical,75,1,Returns PII scan results with detected entity types and redaction map,Returns error if PII detection model is unavailable or data format unsupported,@medina/ai-model-engines,AL-010 / AL-011,active
TOOL-055,CAPABILITY-SCORER,Capability Scorer,Context,Score and rank AI model capabilities against task requirements for optimal selection,organism.inference.execute,Interface Ring,INTERNAL_SOVEREIGN,1.0.0,intelligence-wire/capability-scorer,metered,high,200,3,Returns capability scores with ranked model list and task-fit analysis,Returns error if model registry is unavailable or scoring criteria are undefined,@medina/intelligence-routing-sdk / @medina/ai-model-engines,AL-025 / AL-026,active
TOOL-056,BIAS-AUDITOR,Bias Auditor,Sentry,Detect and report bias patterns in AI model outputs and organism decision pathways,organism.governance.read,Counsel Ring,INTERNAL_SOVEREIGN,1.0.0,intelligence-wire/bias-auditor,metered,high,450,5,Returns bias audit report with fairness metrics and flagged decision paths,Returns error if audit data is insufficient or model outputs are inaccessible,@medina/ai-model-engines,AL-010 / AL-039,active
TOOL-057,TOOL-ATTESTATION-VERIFIER,Tool Attestation Verifier,Sentry,Verify cryptographic attestation of registered tools and validate their integrity chain,organism.security.read,Proof Ring,INTERNAL_SOVEREIGN,1.0.0,intelligence-wire/tool-attestation-verifier,sovereign,critical,150,3,Returns attestation verification result with chain-of-trust status and seal validity,Returns error if attestation chain is broken or cryptographic verification fails,@medina/organism-runtime-sdk / @medina/enterprise-integration-sdk,AL-010 / AL-011 / AL-052,active
TOOL-058,SETTLEMENT-FINALIZER,Settlement Finalizer,Builder,Finalize blockchain settlement transactions with consensus verification and proof anchoring,organism.sovereign,Proof Ring,INTERNAL_SOVEREIGN,1.0.0,intelligence-wire/settlement-finalizer,premium,critical,900,9,Returns settlement finality receipt with consensus proof and anchor block reference,Returns error if consensus quorum unmet or proof anchoring rejected by validators,@medina/enterprise-integration-sdk / @medina/organism-runtime-sdk,AL-058 / AL-014,active
TOOL-059,REWARD-DISTRIBUTOR,Reward Distributor,Builder,Distribute rewards to marketplace partners based on contribution metrics and settlement records,organism.sovereign,Interface Ring,INTERNAL_SOVEREIGN,1.0.0,intelligence-wire/sovereign-commerce,metered,high,300,5,Returns distribution receipt with per-partner reward allocations and settlement references,Returns error if settlement records are incomplete or partner verification fails,@medina/organism-runtime-sdk / @medina/sovereign-commerce-engine,AL-052 / AL-053,active
TOOL-060,ROLLOUT-PROMOTION-GATE,Rollout Promotion Gate,Builder,Control tier promotion gates for organism rollout with canary verification and compliance checks,organism.governance.read,Counsel Ring,INTERNAL_SOVEREIGN,1.0.0,intelligence-wire/rollout-promotion-gate,sovereign,critical,350,6,Returns promotion gate verdict with canary results and compliance check status,Returns error if canary verification fails or compliance requirements unmet,@medina/organism-runtime-sdk,AL-021 / AL-037 / AL-040,active
TOOL-061,GOAL-DECOMPOSER,Goal Decomposer,Commander,Decompose high-level goals into actionable sub-tasks with dependency ordering and priority scoring,organism.inference.execute,Interface Ring,INTERNAL_SOVEREIGN,1.0.0,intelligence-wire/goal-decomposer,metered,high,350,4,Returns ordered sub-task tree with priorities and dependency graph,Returns error if goal is ambiguous or decomposition depth exceeds limit,@medina/organism-runtime-sdk / @medina/ai-model-engines,AL-025 / AL-026,active
TOOL-062,INTENT-CLASSIFIER,Intent Classifier,Context,Classify user or system intent from natural language input with confidence scoring across intent taxonomy,organism.inference.execute,Interface Ring,INTERNAL,1.0.0,intelligence-wire/intent-classifier,metered,medium,120,3,Returns classified intent label with confidence score and alternative intents,Returns error if input is empty or intent taxonomy is unavailable,@medina/ai-model-engines,AL-025 / AL-026,active
TOOL-063,CONTEXT-EXPANDER,Context Expander,Context,Expand minimal context into rich execution context by retrieving relevant memory and environmental signals,organism.context.read,Memory Ring,INTERNAL_SOVEREIGN,1.0.0,intelligence-wire/context-expander,metered,medium,280,3,Returns expanded context with retrieved memories and relevance scores,Returns error if memory retrieval fails or context budget is exhausted,@medina/organism-runtime-sdk / @medina/sovereign-memory-sdk,AL-004 / AL-020 / AL-022,active
TOOL-064,HALLUCINATION-CHECKER,Hallucination Checker,Sentry,Detect and flag potential hallucinations in AI-generated outputs by cross-referencing knowledge sources,organism.governance.read,Counsel Ring,INTERNAL_SOVEREIGN,1.0.0,intelligence-wire/hallucination-checker,metered,high,450,5,Returns hallucination risk score with flagged claims and source verification status,Returns error if knowledge sources are unavailable or verification timeout exceeded,@medina/ai-model-engines / @medina/sovereign-memory-sdk,AL-010 / AL-039,active
TOOL-065,PROMPT-OPTIMIZER,Prompt Optimizer,Commander,Optimize prompts for token efficiency and output quality using learned heuristics and A/B history,organism.inference.execute,Interface Ring,INTERNAL,1.0.0,intelligence-wire/prompt-optimizer,metered,medium,200,3,Returns optimized prompt with token savings estimate and quality prediction,Returns error if prompt is malformed or optimization model is unavailable,@medina/ai-model-engines,AL-025 / AL-026,active
TOOL-066,RESPONSE-SCORER,Response Scorer,Context,Score AI response quality across dimensions of accuracy relevance coherence and helpfulness,organism.governance.read,Interface Ring,INTERNAL,1.0.0,intelligence-wire/response-scorer,metered,medium,180,2,Returns multi-dimensional quality scores with overall rating and improvement suggestions,Returns error if scoring rubric is undefined or response is empty,@medina/ai-model-engines,AL-010 / AL-039,active
TOOL-067,CHAIN-OF-THOUGHT-BUILDER,Chain of Thought Builder,Commander,Construct structured chain-of-thought reasoning paths for complex problem decomposition,organism.inference.execute,Interface Ring,INTERNAL_SOVEREIGN,1.0.0,intelligence-wire/chain-of-thought-builder,metered,high,400,5,Returns structured reasoning chain with intermediate conclusions and confidence at each step,Returns error if reasoning depth exceeds limit or logical contradiction detected,@medina/ai-model-engines / @medina/organism-runtime-sdk,AL-025 / AL-026,active
TOOL-068,FEW-SHOT-GENERATOR,Few-Shot Generator,Commander,Generate optimal few-shot examples from memory for in-context learning based on task similarity,organism.inference.execute,Memory Ring,INTERNAL,1.0.0,intelligence-wire/few-shot-generator,metered,medium,300,3,Returns ranked few-shot examples with similarity scores and token cost estimate,Returns error if example bank is empty or similarity threshold unmet,@medina/ai-model-engines / @medina/sovereign-memory-sdk,AL-022 / AL-025,active
TOOL-069,EMBEDDING-COMPARER,Embedding Comparer,Context,Compare semantic embeddings to measure similarity distance and clustering across text or code inputs,organism.analysis.read,Memory Ring,INTERNAL,1.0.0,intelligence-wire/embedding-comparer,metered,low,80,2,Returns similarity matrix with cosine distances and nearest neighbor rankings,Returns error if embedding model is unavailable or input exceeds dimension limit,@medina/ai-model-engines,AL-022 / AL-023,active
TOOL-070,TOKEN-BUDGET-MANAGER,Token Budget Manager,Context,Track allocate and optimize token budgets across multi-turn conversations and tool call chains,organism.context.read,Interface Ring,INTERNAL,1.0.0,intelligence-wire/token-budget-manager,free,medium,50,1,Returns token budget status with allocation breakdown and remaining capacity,Returns error if budget is exhausted or allocation policy is undefined,@medina/organism-runtime-sdk,AL-004 / AL-020,active
TOOL-071,TEMPERATURE-TUNER,Temperature Tuner,Commander,Dynamically tune model temperature and sampling parameters based on task type and desired output characteristics,organism.inference.execute,Interface Ring,INTERNAL,1.0.0,intelligence-wire/temperature-tuner,free,low,60,1,Returns recommended temperature and sampling parameters with rationale,Returns error if task type is unrecognized or parameter bounds violated,@medina/ai-model-engines,AL-025,active
TOOL-072,OUTPUT-FORMATTER,Output Formatter,Builder,Format AI outputs into structured schemas including JSON markdown tables and custom templates,organism.inference.execute,Interface Ring,INTERNAL,1.0.0,intelligence-wire/output-formatter,free,low,100,1,Returns formatted output matching requested schema with validation status,Returns error if schema is invalid or output cannot be coerced to target format,@medina/organism-runtime-sdk,AL-005 / AL-006,active
TOOL-073,SAFETY-FILTER,Safety Filter,Sentry,Filter AI inputs and outputs for harmful content using multi-layer safety classifiers,organism.security.read,Counsel Ring,INTERNAL,1.0.0,intelligence-wire/safety-filter,free,high,90,1,Returns safety classification with category scores and pass/fail verdict,Returns error if safety models are unavailable or input exceeds scan limit,@medina/ai-model-engines,AL-010 / AL-011 / AL-039,active
TOOL-074,LANGUAGE-DETECTOR,Language Detector,Context,Detect natural language and programming language of input text with confidence scoring,organism.analysis.read,Interface Ring,INTERNAL,1.0.0,intelligence-wire/language-detector,free,low,60,0,Returns detected language code with confidence score and alternative candidates,Returns error if input is too short for reliable detection,@medina/ai-model-engines,AL-025,active
TOOL-075,SUMMARIZER-ENGINE,Summarizer Engine,Commander,Generate concise summaries of documents conversations and data streams with configurable compression ratios,organism.inference.execute,Interface Ring,INTERNAL_SOVEREIGN,1.0.0,intelligence-wire/summarizer-engine,metered,medium,350,4,Returns summary with compression ratio and key points extraction,Returns error if input exceeds token limit or summarization model unavailable,@medina/ai-model-engines,AL-025 / AL-026,active
TOOL-076,QUESTION-GENERATOR,Question Generator,Commander,Generate clarifying diagnostic or exploratory questions based on context and knowledge gaps,organism.inference.execute,Interface Ring,INTERNAL,1.0.0,intelligence-wire/question-generator,metered,medium,250,3,Returns ranked questions with relevance scores and expected information gain,Returns error if context is insufficient for meaningful question generation,@medina/ai-model-engines,AL-025 / AL-026,active
TOOL-077,CODE-EXPLAINER,Code Explainer,Commander,Explain code functionality in natural language with configurable detail levels and audience targeting,organism.inference.execute,Interface Ring,INTERNAL,1.0.0,intelligence-wire/code-explainer,metered,medium,300,3,Returns structured code explanation with complexity assessment and key concept highlights,Returns error if language is unsupported or code is syntactically invalid,@medina/ai-model-engines,AL-025 / AL-026,active
TOOL-078,ERROR-DIAGNOSTICS,Error Diagnostics,Context,Diagnose errors by analyzing stack traces logs and system state to produce root cause hypotheses,organism.analysis.read,Interface Ring,INTERNAL,1.0.0,intelligence-wire/error-diagnostics,metered,medium,400,4,Returns ranked root cause hypotheses with confidence scores and suggested remediation steps,Returns error if diagnostic data is insufficient or error type is unrecognized,@medina/ai-model-engines / @medina/organism-runtime-sdk,AL-014 / AL-025,active
TOOL-079,SUGGESTION-RANKER,Suggestion Ranker,Context,Rank and prioritize suggestions recommendations and options using multi-criteria decision analysis,organism.analysis.read,Interface Ring,INTERNAL,1.0.0,intelligence-wire/suggestion-ranker,free,medium,150,2,Returns ranked suggestions with composite scores and criteria breakdown,Returns error if ranking criteria are undefined or suggestion list is empty,@medina/organism-runtime-sdk,AL-025,active
TOOL-080,CONFIDENCE-ESTIMATOR,Confidence Estimator,Context,Estimate confidence levels for AI outputs using calibrated uncertainty quantification methods,organism.governance.read,Interface Ring,INTERNAL,1.0.0,intelligence-wire/confidence-estimator,metered,medium,200,2,Returns calibrated confidence interval with uncertainty decomposition and reliability score,Returns error if calibration data is unavailable or output type is unsupported,@medina/ai-model-engines,AL-010 / AL-039,active
TOOL-081,PERSONA-SWITCHER,Persona Switcher,Commander,Switch AI persona characteristics including tone expertise level and communication style dynamically,organism.inference.execute,Interface Ring,INTERNAL,1.0.0,intelligence-wire/persona-switcher,free,low,80,1,Returns active persona configuration with applied characteristics and transition status,Returns error if persona definition is invalid or transition constraints violated,@medina/organism-runtime-sdk,AL-025,active
TOOL-082,TONE-ADJUSTER,Tone Adjuster,Commander,Adjust the tone formality and emotional register of AI outputs to match target audience and context,organism.inference.execute,Interface Ring,INTERNAL,1.0.0,intelligence-wire/tone-adjuster,metered,low,150,2,Returns tone-adjusted output with applied adjustments and tone analysis scores,Returns error if tone target is undefined or adjustment would alter semantic meaning,@medina/ai-model-engines,AL-025,active
TOOL-083,KNOWLEDGE-RETRIEVER,Knowledge Retriever,Context,Retrieve relevant knowledge from organism memory stores using hybrid dense and sparse retrieval,organism.context.read,Memory Ring,INTERNAL_SOVEREIGN,1.0.0,intelligence-wire/knowledge-retriever,metered,medium,250,3,Returns retrieved knowledge chunks with relevance scores and source attribution,Returns error if knowledge stores are unavailable or query yields no results,@medina/sovereign-memory-sdk / @medina/ai-model-engines,AL-022 / AL-023,active
TOOL-084,CITATION-BUILDER,Citation Builder,Builder,Build properly formatted citations and references from source materials with link verification,organism.inference.execute,Interface Ring,INTERNAL,1.0.0,intelligence-wire/citation-builder,free,low,120,1,Returns formatted citations with verification status and source reliability scores,Returns error if source material is unverifiable or citation format is unsupported,@medina/ai-model-engines,AL-010,active
TOOL-085,FACT-CHECKER,Fact Checker,Sentry,Verify factual claims against trusted knowledge sources and flag unsupported assertions,organism.governance.read,Counsel Ring,INTERNAL_SOVEREIGN,1.0.0,intelligence-wire/fact-checker,metered,high,500,5,Returns fact verification results with evidence links and confidence per claim,Returns error if knowledge sources are unreachable or claim parsing fails,@medina/ai-model-engines / @medina/sovereign-memory-sdk,AL-010 / AL-039,active
TOOL-086,REASONING-TRACER,Reasoning Tracer,Context,Trace and visualize AI reasoning paths to enable interpretability and debugging of decision chains,organism.analysis.read,Interface Ring,INTERNAL_SOVEREIGN,1.0.0,intelligence-wire/reasoning-tracer,metered,high,300,3,Returns reasoning trace with decision nodes and information flow visualization,Returns error if reasoning steps are not instrumented or trace depth exceeded,@medina/ai-model-engines / @medina/organism-runtime-sdk,AL-010 / AL-039,active
TOOL-087,ANALOGY-GENERATOR,Analogy Generator,Commander,Generate explanatory analogies and metaphors to make complex concepts accessible across knowledge domains,organism.inference.execute,Interface Ring,INTERNAL,1.0.0,intelligence-wire/analogy-generator,metered,medium,250,3,Returns generated analogies ranked by clarity and domain appropriateness,Returns error if source concept is undefined or target domain is too narrow,@medina/ai-model-engines,AL-025 / AL-026,active
TOOL-088,DEBATE-SIMULATOR,Debate Simulator,Commander,Simulate multi-perspective debates on topics to explore arguments and counterarguments systematically,organism.inference.execute,Interface Ring,INTERNAL,1.0.0,intelligence-wire/debate-simulator,metered,high,600,5,Returns structured debate with perspectives arguments and synthesis of key insights,Returns error if topic is too narrow for meaningful debate or perspective count exceeds limit,@medina/ai-model-engines,AL-025 / AL-026,active
TOOL-089,CREATIVE-WRITER,Creative Writer,Commander,Generate creative content including narratives descriptions and conceptual explorations with style control,organism.inference.execute,Interface Ring,INTERNAL,1.0.0,intelligence-wire/creative-writer,metered,medium,400,4,Returns creative output with style analysis and originality assessment,Returns error if content constraints are contradictory or style template is undefined,@medina/ai-model-engines,AL-025 / AL-010,active
TOOL-090,TECHNICAL-WRITER,Technical Writer,Commander,Generate technical documentation API references and architectural descriptions with precision and clarity,organism.inference.execute,Interface Ring,INTERNAL,1.0.0,intelligence-wire/technical-writer,metered,medium,350,4,Returns technical document with structure validation and terminology consistency check,Returns error if technical domain is unrecognized or required specifications are missing,@medina/ai-model-engines,AL-025 / AL-026,active
TOOL-091,DATA-VISUALIZER,Data Visualizer,Builder,Generate data visualization specifications from datasets with automatic chart type selection and styling,organism.inference.execute,Interface Ring,INTERNAL,1.0.0,intelligence-wire/data-visualizer,metered,medium,300,3,Returns visualization spec with recommended chart type and rendering configuration,Returns error if data format is unsupported or visualization constraints conflict,@medina/ai-model-engines / @medina/organism-runtime-sdk,AL-025,active
TOOL-092,PATTERN-MATCHER,Pattern Matcher,Context,Match complex patterns across structured and unstructured data using learned and rule-based detectors,organism.analysis.read,Memory Ring,INTERNAL,1.0.0,intelligence-wire/pattern-matcher,metered,medium,200,2,Returns matched patterns with location references and match confidence scores,Returns error if pattern definition is invalid or data source is inaccessible,@medina/sovereign-memory-sdk,AL-022 / AL-023,active
TOOL-093,ANOMALY-EXPLAINER,Anomaly Explainer,Context,Explain detected anomalies in human-readable terms with likely causes and recommended investigation paths,organism.analysis.read,Interface Ring,INTERNAL,1.0.0,intelligence-wire/anomaly-explainer,metered,medium,350,3,Returns anomaly explanation with probable causes ranked by likelihood and investigation steps,Returns error if anomaly data is insufficient or explanation model unavailable,@medina/ai-model-engines / @medina/organism-runtime-sdk,AL-014 / AL-025,active
TOOL-094,PREDICTION-ENGINE,Prediction Engine,Commander,Generate predictions from time-series and contextual data using ensemble forecasting methods,organism.inference.execute,Interface Ring,INTERNAL_SOVEREIGN,1.0.0,intelligence-wire/prediction-engine,premium,high,500,6,Returns predictions with confidence intervals and model ensemble weights,Returns error if training data is insufficient or prediction horizon exceeds model capacity,@medina/ai-model-engines,AL-025 / AL-026,active
TOOL-095,RECOMMENDATION-ENGINE,Recommendation Engine,Commander,Generate personalized recommendations using collaborative filtering and content-based methods,organism.inference.execute,Interface Ring,INTERNAL_SOVEREIGN,1.0.0,intelligence-wire/recommendation-engine,premium,high,400,5,Returns ranked recommendations with relevance scores and diversity metrics,Returns error if user profile is empty or recommendation catalog is unavailable,@medina/ai-model-engines / @medina/sovereign-memory-sdk,AL-025 / AL-026,active
TOOL-096,CLASSIFICATION-ENGINE,Classification Engine,Commander,Classify inputs across configurable taxonomies with multi-label support and hierarchical categories,organism.inference.execute,Interface Ring,INTERNAL,1.0.0,intelligence-wire/classification-engine,metered,medium,150,2,Returns classification labels with confidence scores and taxonomy path,Returns error if taxonomy is undefined or input format is unsupported,@medina/ai-model-engines,AL-025,active
TOOL-097,EXTRACTION-ENGINE,Extraction Engine,Commander,Extract structured information from unstructured text including entities relations and key facts,organism.inference.execute,Interface Ring,INTERNAL,1.0.0,intelligence-wire/extraction-engine,metered,medium,250,3,Returns extracted entities and relations in structured schema with confidence scores,Returns error if extraction schema is undefined or text is unparseable,@medina/ai-model-engines,AL-025 / AL-026,active
TOOL-098,GENERATION-ENGINE,Generation Engine,Commander,Generate content across modalities including text code and structured data with controllable attributes,organism.inference.execute,Interface Ring,INTERNAL_SOVEREIGN,1.0.0,intelligence-wire/generation-engine,metered,high,500,5,Returns generated content with quality metrics and attribute compliance verification,Returns error if generation constraints are contradictory or model capacity exceeded,@medina/ai-model-engines,AL-025 / AL-026 / AL-010,active
TOOL-099,TRANSLATION-ENGINE,Translation Engine,Commander,Translate text between natural languages with domain-specific terminology preservation and quality scoring,organism.inference.execute,Interface Ring,INTERNAL_SOVEREIGN,1.0.0,intelligence-wire/sovereign-inference,metered,medium,300,4,Returns translated text with quality score and terminology consistency report,Returns error if language pair is unsupported or terminology glossary is malformed,@medina/ai-model-engines / @medina/sovereign-inference-core,AL-025 / AL-026,active
TOOL-100,TRANSCRIPTION-ENGINE,Transcription Engine,Commander,Transcribe audio and speech inputs to text with speaker diarization and timestamp alignment,organism.inference.execute,Interface Ring,INTERNAL_SOVEREIGN,1.0.0,intelligence-wire/sovereign-inference,premium,high,800,6,Returns transcription with word-level timestamps and speaker labels,Returns error if audio format is unsupported or transcription model is unavailable,@medina/ai-model-engines / @medina/sovereign-inference-core,AL-025 / AL-026,active
TOOL-101,EXTENSION-BLUEPRINT,Extension Blueprint,Blueprint,Generate scaffolded extension project with manifest permissions and lifecycle hooks pre-configured,organism.write,Interface Ring,INTERNAL,1.0.0,intelligence-wire/extension-blueprint,free,medium,200,2,Returns complete extension scaffold with file tree and configuration templates,Returns error if extension type is unsupported or manifest schema validation fails,@medina/organism-runtime-sdk,AL-005 / AL-006,active
TOOL-102,WORKER-BLUEPRINT,Worker Blueprint,Blueprint,Generate background worker templates with queue integration retry policies and health checks,organism.write,Transport Ring,INTERNAL,1.0.0,intelligence-wire/worker-blueprint,free,medium,180,2,Returns worker scaffold with queue bindings and retry configuration,Returns error if worker type is undefined or queue protocol is unsupported,@medina/organism-runtime-sdk,AL-005 / AL-019,active
TOOL-103,PROTOCOL-BLUEPRINT,Protocol Blueprint,Blueprint,Generate protocol definition templates with message schemas handshake flows and versioning strategy,organism.write,Transport Ring,INTERNAL_SOVEREIGN,1.0.0,intelligence-wire/protocol-blueprint,free,high,250,3,Returns protocol definition with message schemas and state machine diagram,Returns error if protocol type conflicts with existing registrations,@medina/organism-runtime-sdk / @medina/intelligence-routing-sdk,AL-005 / AL-014,active
TOOL-104,SDK-MODULE-BLUEPRINT,SDK Module Blueprint,Blueprint,Generate SDK module templates with typed interfaces documentation stubs and test harnesses,organism.write,Interface Ring,INTERNAL,1.0.0,intelligence-wire/sdk-module-blueprint,free,medium,200,2,Returns SDK module scaffold with typed interfaces and test fixtures,Returns error if target language is unsupported or module namespace conflicts,@medina/organism-runtime-sdk,AL-005 / AL-006,active
TOOL-105,DASHBOARD-BLUEPRINT,Dashboard Blueprint,Blueprint,Generate monitoring dashboard templates with widget layouts data source bindings and alert configurations,organism.write,Interface Ring,INTERNAL,1.0.0,intelligence-wire/dashboard-blueprint,free,medium,300,2,Returns dashboard definition with widget configurations and data source mappings,Returns error if data source is unavailable or widget type is unsupported,@medina/organism-runtime-sdk,AL-005 / AL-014,active
TOOL-106,API-ENDPOINT-BLUEPRINT,API Endpoint Blueprint,Blueprint,Generate API endpoint scaffolds with route handlers validation schemas and OpenAPI documentation,organism.write,Interface Ring,INTERNAL,1.0.0,intelligence-wire/api-endpoint-blueprint,free,medium,200,2,Returns API endpoint scaffold with route handler and OpenAPI spec fragment,Returns error if HTTP method conflicts or schema validation fails,@medina/organism-runtime-sdk,AL-005 / AL-006 / AL-014,active
TOOL-107,PIPELINE-BLUEPRINT,Pipeline Blueprint,Blueprint,Generate data processing pipeline templates with stage definitions error handling and backpressure controls,organism.write,Transport Ring,INTERNAL,1.0.0,intelligence-wire/pipeline-blueprint,free,medium,250,3,Returns pipeline definition with stage graph and configuration templates,Returns error if stage dependencies form cycles or resource limits exceeded,@medina/organism-runtime-sdk / @medina/intelligence-routing-sdk,AL-005 / AL-014,active
TOOL-108,CANISTER-BLUEPRINT,Canister Blueprint,Blueprint,Generate sovereign canister templates with state management access controls and upgrade hooks,organism.sovereign,Sovereign Ring,INTERNAL_SOVEREIGN,1.0.0,intelligence-wire/canister-blueprint,sovereign,critical,300,4,Returns canister scaffold with state schema and access control configuration,Returns error if sovereignty constraints are violated or canister type is undefined,@medina/organism-runtime-sdk / @medina/enterprise-integration-sdk,AL-005 / AL-058,active
TOOL-109,MARKETPLACE-TOOL-BLUEPRINT,Marketplace Tool Blueprint,Blueprint,Generate marketplace tool registration templates with attestation manifests and billing configurations,organism.write,Interface Ring,INTERNAL_SOVEREIGN,1.0.0,intelligence-wire/sovereign-commerce,free,high,250,3,Returns tool registration scaffold with attestation manifest and billing setup,Returns error if tool name conflicts or attestation requirements unmet,@medina/organism-runtime-sdk / @medina/sovereign-commerce-engine,AL-005 / AL-052,active
TOOL-110,OBSERVER-BLUEPRINT,Observer Blueprint,Blueprint,Generate event observer templates with subscription filters aggregation rules and notification channels,organism.write,Transport Ring,INTERNAL,1.0.0,intelligence-wire/observer-blueprint,free,medium,180,2,Returns observer scaffold with event filter configuration and notification bindings,Returns error if event source is unregistered or filter syntax is invalid,@medina/organism-runtime-sdk,AL-005 / AL-019,active
TOOL-111,TEST-SUITE-BLUEPRINT,Test Suite Blueprint,Blueprint,Generate comprehensive test suite templates with unit integration and end-to-end test scaffolds,organism.write,Interface Ring,INTERNAL,1.0.0,intelligence-wire/test-suite-blueprint,free,medium,200,2,Returns test suite scaffold with fixture factories and assertion helpers,Returns error if test framework is unsupported or target module is undefined,@medina/organism-runtime-sdk,AL-005 / AL-021,active
TOOL-112,DEPLOYMENT-BLUEPRINT,Deployment Blueprint,Blueprint,Generate deployment configuration templates with environment matrices rollout strategies and health checks,organism.write,Transport Ring,INTERNAL_SOVEREIGN,1.0.0,intelligence-wire/deployment-blueprint,free,high,250,3,Returns deployment manifest with environment configs and rollout strategy definition,Returns error if target environment is undefined or resource quotas exceeded,@medina/organism-runtime-sdk / @medina/enterprise-integration-sdk,AL-005 / AL-021 / AL-037,active
TOOL-113,MIGRATION-BLUEPRINT,Migration Blueprint,Blueprint,Generate data and schema migration templates with rollback scripts and validation checkpoints,organism.write,Memory Ring,INTERNAL_SOVEREIGN,1.0.0,intelligence-wire/migration-blueprint,free,high,300,3,Returns migration script set with up/down operations and validation queries,Returns error if schema diff detection fails or migration conflicts with pending changes,@medina/organism-runtime-sdk / @medina/sovereign-memory-sdk,AL-005 / AL-020,active
TOOL-114,SECURITY-AUDIT-BLUEPRINT,Security Audit Blueprint,Blueprint,Generate security audit templates with threat models vulnerability checklists and compliance matrices,organism.governance.read,Counsel Ring,INTERNAL_SOVEREIGN,1.0.0,intelligence-wire/security-audit-blueprint,free,high,350,4,Returns security audit template with threat model and compliance checklist,Returns error if audit scope is undefined or compliance framework is unsupported,@medina/organism-runtime-sdk,AL-010 / AL-011 / AL-040,active
TOOL-115,PERFORMANCE-PROFILE-BLUEPRINT,Performance Profile Blueprint,Blueprint,Generate performance profiling templates with benchmark definitions metric collectors and threshold configs,organism.write,Interface Ring,INTERNAL,1.0.0,intelligence-wire/performance-profile-blueprint,free,medium,200,2,Returns profiling configuration with benchmark suite and metric collection setup,Returns error if profiling target is undefined or metric collectors conflict,@medina/organism-runtime-sdk,AL-005 / AL-014,active
TOOL-116,ACCESSIBILITY-AUDIT-BLUEPRINT,Accessibility Audit Blueprint,Blueprint,Generate accessibility audit templates with WCAG compliance checklists and automated scan configurations,organism.governance.read,Counsel Ring,INTERNAL,1.0.0,intelligence-wire/accessibility-audit-blueprint,free,medium,200,2,Returns accessibility audit template with WCAG checklist and scan configuration,Returns error if audit scope is undefined or WCAG version is unsupported,@medina/organism-runtime-sdk,AL-005 / AL-040,active
TOOL-117,DOCUMENTATION-BLUEPRINT,Documentation Blueprint,Blueprint,Generate documentation site scaffolds with navigation structure content templates and search indexing,organism.write,Interface Ring,INTERNAL,1.0.0,intelligence-wire/documentation-blueprint,free,low,150,1,Returns documentation site scaffold with page templates and navigation config,Returns error if documentation framework is unsupported or content schema is invalid,@medina/organism-runtime-sdk,AL-005,active
TOOL-118,RELEASE-NOTES-BLUEPRINT,Release Notes Blueprint,Blueprint,Generate release notes templates from commit history with categorization and impact assessment,organism.write,Interface Ring,INTERNAL,1.0.0,intelligence-wire/release-notes-blueprint,free,low,150,1,Returns release notes draft with categorized changes and migration impact notes,Returns error if commit history is inaccessible or version tag is undefined,@medina/organism-runtime-sdk,AL-005 / AL-021,active
TOOL-119,CHANGELOG-BLUEPRINT,Changelog Blueprint,Blueprint,Generate structured changelog templates with semantic versioning and breaking change detection,organism.write,Interface Ring,INTERNAL,1.0.0,intelligence-wire/changelog-blueprint,free,low,150,1,Returns changelog entries with semantic version classification and breaking change flags,Returns error if version history is unavailable or change categorization fails,@medina/organism-runtime-sdk,AL-005 / AL-021,active
TOOL-120,ONBOARDING-BLUEPRINT,Onboarding Blueprint,Blueprint,Generate developer onboarding templates with environment setup guides tutorial flows and verification steps,organism.write,Interface Ring,INTERNAL_SOVEREIGN,1.0.0,intelligence-wire/sovereign-commerce,free,medium,200,2,Returns onboarding guide scaffold with setup scripts and verification checkpoints,Returns error if target platform is unsupported or prerequisite checks fail,@medina/organism-runtime-sdk / @medina/sovereign-commerce-engine,AL-005,active
TOOL-121,FULL-STACK-AUDIT-RECIPE,Full-Stack Audit Recipe,Recipe,Execute comprehensive full-stack audit across frontend backend infrastructure and security layers,organism.execute,Counsel Ring,INTERNAL_SOVEREIGN,1.0.0,intelligence-wire/full-stack-audit-recipe,premium,critical,1200,8,Returns complete audit report with findings across all layers and prioritized remediation plan,Returns error if any audit layer is unreachable or audit timeout exceeded,@medina/organism-runtime-sdk / @medina/enterprise-integration-sdk,AL-010 / AL-011 / AL-040,active
TOOL-122,EXTENSION-PUBLISH-RECIPE,Extension Publish Recipe,Recipe,Automate extension publishing workflow including validation signing registry update and notification,organism.execute,Interface Ring,INTERNAL_SOVEREIGN,1.0.0,intelligence-wire/sovereign-commerce,metered,high,800,5,Returns publish receipt with registry entry and distribution status,Returns error if validation fails or signing key is unavailable,@medina/organism-runtime-sdk / @medina/sovereign-commerce-engine,AL-005 / AL-052,active
TOOL-123,MODEL-EVALUATION-RECIPE,Model Evaluation Recipe,Recipe,Run comprehensive AI model evaluation across accuracy fairness latency and cost dimensions,organism.execute,Interface Ring,INTERNAL_SOVEREIGN,1.0.0,intelligence-wire/model-evaluation-recipe,premium,high,1500,8,Returns evaluation report with multi-dimensional scores and model comparison matrix,Returns error if evaluation dataset is unavailable or model endpoint is unreachable,@medina/ai-model-engines / @medina/organism-runtime-sdk,AL-025 / AL-026 / AL-039,active
TOOL-124,DATA-PIPELINE-RECIPE,Data Pipeline Recipe,Recipe,Orchestrate end-to-end data pipeline with extraction transformation validation and loading stages,organism.execute,Transport Ring,INTERNAL_SOVEREIGN,1.0.0,intelligence-wire/data-pipeline-recipe,metered,high,1000,6,Returns pipeline execution report with stage results and data quality metrics,Returns error if source connection fails or data validation rejects batch,@medina/organism-runtime-sdk / @medina/sovereign-memory-sdk,AL-014 / AL-020,active
TOOL-125,INCIDENT-RESPONSE-RECIPE,Incident Response Recipe,Recipe,Automate incident response workflow with detection triage escalation and post-mortem generation,organism.execute,Counsel Ring,INTERNAL_SOVEREIGN,1.0.0,intelligence-wire/incident-response-recipe,premium,critical,500,7,Returns incident response timeline with actions taken and post-mortem draft,Returns error if incident classification fails or escalation path is undefined,@medina/organism-runtime-sdk / @medina/enterprise-integration-sdk,AL-010 / AL-014 / AL-037,active
TOOL-126,PERFORMANCE-OPTIMIZATION-RECIPE,Performance Optimization Recipe,Recipe,Execute performance optimization workflow with profiling bottleneck detection and fix verification,organism.execute,Interface Ring,INTERNAL,1.0.0,intelligence-wire/performance-optimization-recipe,metered,high,900,6,Returns optimization report with identified bottlenecks and verified performance improvements,Returns error if profiling data is insufficient or optimization target is unreachable,@medina/organism-runtime-sdk,AL-014 / AL-021,active
TOOL-127,SECURITY-HARDENING-RECIPE,Security Hardening Recipe,Recipe,Execute security hardening workflow with vulnerability scanning patch application and verification,organism.execute,Counsel Ring,INTERNAL_SOVEREIGN,1.0.0,intelligence-wire/security-hardening-recipe,premium,critical,1100,8,Returns hardening report with applied patches and residual risk assessment,Returns error if vulnerability scanner is unavailable or patch application fails,@medina/organism-runtime-sdk / @medina/enterprise-integration-sdk,AL-010 / AL-011 / AL-040,active
TOOL-128,ACCESSIBILITY-REVIEW-RECIPE,Accessibility Review Recipe,Recipe,Execute accessibility review workflow with automated scanning manual checklist and remediation tracking,organism.execute,Interface Ring,INTERNAL,1.0.0,intelligence-wire/accessibility-review-recipe,metered,medium,700,4,Returns accessibility report with WCAG compliance scores and remediation checklist,Returns error if scan target is unreachable or WCAG version is unsupported,@medina/organism-runtime-sdk,AL-040,active
TOOL-129,CODE-REVIEW-RECIPE,Code Review Recipe,Recipe,Automate code review workflow with static analysis style checking and AI-assisted quality assessment,organism.execute,Interface Ring,INTERNAL,1.0.0,intelligence-wire/code-review-recipe,metered,high,600,5,Returns code review report with findings categorized by severity and auto-fix suggestions,Returns error if repository is inaccessible or analysis tools fail to initialize,@medina/ai-model-engines / @medina/organism-runtime-sdk,AL-021 / AL-025,active
TOOL-130,DEPENDENCY-UPDATE-RECIPE,Dependency Update Recipe,Recipe,Automate dependency update workflow with compatibility checking security scanning and PR generation,organism.execute,Interface Ring,INTERNAL,1.0.0,intelligence-wire/dependency-update-recipe,metered,medium,500,4,Returns dependency update report with compatibility matrix and generated pull requests,Returns error if package registry is unreachable or breaking changes detected,@medina/organism-runtime-sdk,AL-011 / AL-021,active
TOOL-131,MONITORING-SETUP-RECIPE,Monitoring Setup Recipe,Recipe,Automate monitoring infrastructure setup with metric collectors alert rules and dashboard provisioning,organism.execute,Transport Ring,INTERNAL,1.0.0,intelligence-wire/monitoring-setup-recipe,metered,medium,600,4,Returns monitoring setup report with provisioned collectors and alert configurations,Returns error if monitoring platform is unreachable or metric schema is invalid,@medina/organism-runtime-sdk / @medina/intelligence-routing-sdk,AL-014 / AL-019,active
TOOL-132,BACKUP-RESTORE-RECIPE,Backup Restore Recipe,Recipe,Execute backup and restore workflows with integrity verification and point-in-time recovery support,organism.execute,Memory Ring,INTERNAL_SOVEREIGN,1.0.0,intelligence-wire/backup-restore-recipe,premium,critical,900,7,Returns backup/restore receipt with integrity verification hash and recovery point timestamp,Returns error if storage backend is unavailable or integrity check fails,@medina/sovereign-memory-sdk / @medina/organism-runtime-sdk,AL-020 / AL-058,active
TOOL-133,LOAD-TEST-RECIPE,Load Test Recipe,Recipe,Execute load testing workflow with traffic generation performance measurement and breaking point detection,organism.execute,Transport Ring,INTERNAL,1.0.0,intelligence-wire/load-test-recipe,metered,high,1200,6,Returns load test report with throughput curves latency percentiles and breaking point analysis,Returns error if load generator fails to initialize or target endpoint is unreachable,@medina/organism-runtime-sdk,AL-014 / AL-021,active
TOOL-134,CHAOS-TEST-RECIPE,Chaos Test Recipe,Recipe,Execute chaos engineering experiments with controlled fault injection and resilience measurement,organism.execute,Transport Ring,INTERNAL_SOVEREIGN,1.0.0,intelligence-wire/chaos-test-recipe,premium,critical,1000,7,Returns chaos experiment report with failure modes observed and resilience scores,Returns error if safety boundaries are violated or experiment timeout exceeded,@medina/organism-runtime-sdk / @medina/enterprise-integration-sdk,AL-014 / AL-037,active
TOOL-135,ROLLBACK-RECIPE,Rollback Recipe,Recipe,Execute automated rollback workflow with state verification traffic drain and health confirmation,organism.execute,Transport Ring,INTERNAL_SOVEREIGN,1.0.0,intelligence-wire/rollback-recipe,metered,critical,400,5,Returns rollback receipt with restored version and health check confirmation,Returns error if rollback target is undefined or state verification fails,@medina/organism-runtime-sdk / @medina/enterprise-integration-sdk,AL-021 / AL-037,active
TOOL-136,FEATURE-FLAG-RECIPE,Feature Flag Recipe,Recipe,Manage feature flag lifecycle with creation targeting rules gradual rollout and impact measurement,organism.execute,Interface Ring,INTERNAL,1.0.0,intelligence-wire/feature-flag-recipe,metered,medium,300,3,Returns feature flag status with targeting rules and rollout percentage,Returns error if flag namespace conflicts or targeting rules are invalid,@medina/organism-runtime-sdk,AL-021,active
TOOL-137,A-B-TEST-RECIPE,A/B Test Recipe,Recipe,Execute A/B testing workflow with experiment setup traffic splitting and statistical analysis,organism.execute,Interface Ring,INTERNAL,1.0.0,intelligence-wire/a-b-test-recipe,metered,high,500,5,Returns experiment results with statistical significance and variant comparison,Returns error if sample size is insufficient or experiment configuration is invalid,@medina/organism-runtime-sdk / @medina/ai-model-engines,AL-021 / AL-025,active
TOOL-138,MIGRATION-RECIPE,Migration Recipe,Recipe,Execute data migration workflow with schema transformation validation and rollback checkpoint management,organism.execute,Memory Ring,INTERNAL_SOVEREIGN,1.0.0,intelligence-wire/migration-recipe,premium,critical,800,7,Returns migration receipt with row counts validation results and checkpoint references,Returns error if schema transformation fails or validation rejects migrated data,@medina/sovereign-memory-sdk / @medina/organism-runtime-sdk,AL-020 / AL-058,active
TOOL-139,COMPLIANCE-CHECK-RECIPE,Compliance Check Recipe,Recipe,Execute compliance verification workflow against regulatory frameworks with evidence collection,organism.execute,Counsel Ring,INTERNAL_SOVEREIGN,1.0.0,intelligence-wire/compliance-check-recipe,premium,critical,700,6,Returns compliance report with control status evidence references and gap analysis,Returns error if compliance framework is undefined or evidence sources are inaccessible,@medina/organism-runtime-sdk / @medina/enterprise-integration-sdk,AL-040 / AL-058,active
TOOL-140,DOCUMENTATION-REFRESH-RECIPE,Documentation Refresh Recipe,Recipe,Automate documentation refresh with staleness detection content regeneration and link verification,organism.execute,Interface Ring,INTERNAL,1.0.0,intelligence-wire/documentation-refresh-recipe,metered,medium,600,4,Returns documentation refresh report with updated pages and broken link fixes,Returns error if documentation source is inaccessible or content generation fails,@medina/ai-model-engines / @medina/organism-runtime-sdk,AL-021 / AL-025,active
TOOL-141,PERFORMANCE-LENS,Performance Lens,Lens,View system components through performance perspective highlighting latency throughput and resource utilization,organism.analysis.read,Interface Ring,INTERNAL,1.0.0,intelligence-wire/performance-lens,metered,medium,250,2,Returns performance-focused view with bottleneck highlights and optimization opportunities,Returns error if performance metrics are unavailable or analysis scope is undefined,@medina/organism-runtime-sdk,AL-014,active
TOOL-142,SECURITY-LENS,Security Lens,Lens,View system components through security perspective highlighting vulnerabilities attack surfaces and controls,organism.security.read,Counsel Ring,INTERNAL_SOVEREIGN,1.0.0,intelligence-wire/security-lens,metered,high,350,3,Returns security-focused view with vulnerability highlights and control effectiveness ratings,Returns error if security scan data is unavailable or scope exceeds analysis capacity,@medina/organism-runtime-sdk / @medina/enterprise-integration-sdk,AL-010 / AL-011,active
TOOL-143,ACCESSIBILITY-LENS,Accessibility Lens,Lens,View interfaces through accessibility perspective highlighting WCAG compliance and usability barriers,organism.analysis.read,Interface Ring,INTERNAL,1.0.0,intelligence-wire/accessibility-lens,metered,medium,300,2,Returns accessibility-focused view with WCAG compliance scores and barrier locations,Returns error if interface data is unavailable or scan target is unreachable,@medina/organism-runtime-sdk,AL-040,active
TOOL-144,COST-LENS,Cost Lens,Lens,View system operations through cost perspective highlighting spending patterns and optimization opportunities,organism.analysis.read,Interface Ring,INTERNAL_SOVEREIGN,1.0.0,intelligence-wire/cost-lens,metered,medium,200,2,Returns cost-focused view with spending breakdown and savings recommendations,Returns error if billing data is unavailable or cost model is undefined,@medina/organism-runtime-sdk / @medina/enterprise-integration-sdk,AL-052 / AL-053,active
TOOL-145,COMPLEXITY-LENS,Complexity Lens,Lens,View codebase through complexity perspective highlighting cyclomatic cognitive and architectural complexity,organism.analysis.read,Interface Ring,INTERNAL,1.0.0,intelligence-wire/complexity-lens,metered,medium,400,3,Returns complexity-focused view with hotspot identification and simplification suggestions,Returns error if code analysis fails or repository is inaccessible,@medina/organism-runtime-sdk,AL-021,active
TOOL-146,DEPENDENCY-LENS,Dependency Lens,Lens,View system through dependency perspective highlighting coupling chains and single points of failure,organism.analysis.read,Transport Ring,INTERNAL,1.0.0,intelligence-wire/dependency-lens,metered,medium,300,2,Returns dependency graph with risk-scored chains and single-point-of-failure highlights,Returns error if dependency resolution fails or graph exceeds visualization limit,@medina/organism-runtime-sdk,AL-011 / AL-014,active
TOOL-147,COVERAGE-LENS,Coverage Lens,Lens,View codebase through test coverage perspective highlighting untested paths and critical gaps,organism.analysis.read,Interface Ring,INTERNAL,1.0.0,intelligence-wire/coverage-lens,metered,medium,350,3,Returns coverage map with untested path highlights and risk-weighted coverage scores,Returns error if coverage data is unavailable or analysis target is undefined,@medina/organism-runtime-sdk,AL-021,active
TOOL-148,RISK-LENS,Risk Lens,Lens,View system through risk perspective aggregating threats vulnerabilities and impact assessments,organism.governance.read,Counsel Ring,INTERNAL_SOVEREIGN,1.0.0,intelligence-wire/risk-lens,metered,high,400,4,Returns risk-focused view with threat matrix and aggregated risk scores by component,Returns error if risk data sources are unavailable or risk model is uncalibrated,@medina/organism-runtime-sdk / @medina/enterprise-integration-sdk,AL-010 / AL-040,active
TOOL-149,COMPLIANCE-LENS,Compliance Lens,Lens,View system through compliance perspective highlighting regulatory control status and audit readiness,organism.governance.read,Counsel Ring,INTERNAL_SOVEREIGN,1.0.0,intelligence-wire/compliance-lens,metered,high,350,4,Returns compliance-focused view with control status matrix and audit readiness scores,Returns error if compliance framework is undefined or evidence collection fails,@medina/organism-runtime-sdk / @medina/enterprise-integration-sdk,AL-040 / AL-058,active
TOOL-150,USER-EXPERIENCE-LENS,User Experience Lens,Lens,View system through user experience perspective highlighting friction points and satisfaction metrics,organism.analysis.read,Interface Ring,INTERNAL,1.0.0,intelligence-wire/user-experience-lens,metered,medium,300,3,Returns UX-focused view with friction point map and user satisfaction scores,Returns error if UX telemetry is unavailable or analysis scope is undefined,@medina/organism-runtime-sdk,AL-014,active
TOOL-151,DEVELOPER-EXPERIENCE-LENS,Developer Experience Lens,Lens,View system through developer experience perspective highlighting tooling gaps and workflow friction,organism.analysis.read,Interface Ring,INTERNAL,1.0.0,intelligence-wire/developer-experience-lens,metered,medium,250,2,Returns DX-focused view with tooling gap analysis and workflow optimization suggestions,Returns error if developer telemetry is unavailable or analysis scope is undefined,@medina/organism-runtime-sdk,AL-014 / AL-021,active
TOOL-152,ARCHITECTURE-LENS,Architecture Lens,Lens,View system through architectural perspective highlighting structural patterns coupling and evolution trends,organism.analysis.read,Interface Ring,INTERNAL_SOVEREIGN,1.0.0,intelligence-wire/architecture-lens,metered,high,500,4,Returns architecture-focused view with structural analysis and evolution trend indicators,Returns error if architecture metadata is unavailable or system scope exceeds analysis limit,@medina/organism-runtime-sdk,AL-005 / AL-006,active
TOOL-153,DATA-FLOW-LENS,Data Flow Lens,Lens,View system through data flow perspective tracing data lineage transformations and privacy boundaries,organism.analysis.read,Transport Ring,INTERNAL_SOVEREIGN,1.0.0,intelligence-wire/data-flow-lens,metered,high,400,3,Returns data flow visualization with lineage traces and privacy boundary crossings,Returns error if data flow instrumentation is missing or lineage reconstruction fails,@medina/organism-runtime-sdk / @medina/sovereign-memory-sdk,AL-020 / AL-022,active
TOOL-154,ERROR-PATTERN-LENS,Error Pattern Lens,Lens,View system through error pattern perspective identifying recurring failures and correlation clusters,organism.analysis.read,Interface Ring,INTERNAL,1.0.0,intelligence-wire/error-pattern-lens,metered,medium,300,3,Returns error pattern analysis with recurring failure clusters and root cause correlations,Returns error if error logs are unavailable or pattern detection model fails,@medina/organism-runtime-sdk,AL-014,active
TOOL-155,USAGE-ANALYTICS-LENS,Usage Analytics Lens,Lens,View system through usage analytics perspective highlighting adoption patterns and feature utilization,organism.analysis.read,Interface Ring,INTERNAL,1.0.0,intelligence-wire/usage-analytics-lens,metered,medium,250,2,Returns usage-focused view with adoption curves and feature utilization heatmaps,Returns error if analytics data is unavailable or time range exceeds retention period,@medina/organism-runtime-sdk,AL-014,active
TOOL-156,LATENCY-LENS,Latency Lens,Lens,View system through latency perspective profiling end-to-end request timing and identifying slow segments,organism.analysis.read,Transport Ring,INTERNAL,1.0.0,intelligence-wire/latency-lens,metered,medium,200,2,Returns latency profile with percentile distributions and slow segment identification,Returns error if tracing data is unavailable or request path is undefined,@medina/organism-runtime-sdk,AL-014,active
TOOL-157,THROUGHPUT-LENS,Throughput Lens,Lens,View system through throughput perspective measuring data processing rates and capacity utilization,organism.analysis.read,Transport Ring,INTERNAL,1.0.0,intelligence-wire/throughput-lens,metered,medium,200,2,Returns throughput analysis with processing rate trends and capacity headroom estimates,Returns error if throughput metrics are unavailable or measurement window is undefined,@medina/organism-runtime-sdk,AL-014,active
TOOL-158,MEMORY-LENS,Memory Lens,Lens,View system through memory perspective profiling allocation patterns leak detection and cache efficiency,organism.analysis.read,Memory Ring,INTERNAL,1.0.0,intelligence-wire/memory-lens,metered,medium,250,2,Returns memory profile with allocation hotspots and leak probability scores,Returns error if memory profiling is disabled or target process is unreachable,@medina/organism-runtime-sdk,AL-014 / AL-020,active
TOOL-159,NETWORK-LENS,Network Lens,Lens,View system through network perspective analyzing traffic patterns connection health and bandwidth utilization,organism.analysis.read,Transport Ring,INTERNAL,1.0.0,intelligence-wire/network-lens,metered,medium,200,2,Returns network analysis with traffic pattern visualization and connection health scores,Returns error if network telemetry is unavailable or scope exceeds monitoring boundary,@medina/organism-runtime-sdk / @medina/intelligence-routing-sdk,AL-014,active
TOOL-160,STORAGE-LENS,Storage Lens,Lens,View system through storage perspective analyzing capacity trends access patterns and tier optimization,organism.analysis.read,Memory Ring,INTERNAL,1.0.0,intelligence-wire/storage-lens,metered,medium,250,2,Returns storage analysis with capacity projections and tier optimization recommendations,Returns error if storage metrics are unavailable or analysis scope is undefined,@medina/organism-runtime-sdk / @medina/sovereign-memory-sdk,AL-020,active
TOOL-161,PRE-DEPLOY-HOOK,Pre-Deploy Hook,Hook,Execute validation checks and preparation steps before deployment including health gates and config verification,organism.execute,Transport Ring,INTERNAL_SOVEREIGN,1.0.0,intelligence-wire/pre-deploy-hook,free,high,200,2,Returns pre-deploy check results with gate status and readiness confirmation,Returns error if pre-deploy validation fails or required checks are skipped,@medina/organism-runtime-sdk,AL-021 / AL-037,active
TOOL-162,POST-DEPLOY-HOOK,Post-Deploy Hook,Hook,Execute verification and notification steps after deployment including health checks and rollback readiness,organism.execute,Transport Ring,INTERNAL_SOVEREIGN,1.0.0,intelligence-wire/post-deploy-hook,free,high,300,2,Returns post-deploy verification with health check results and rollback readiness status,Returns error if post-deploy health checks fail or notification delivery fails,@medina/organism-runtime-sdk,AL-021 / AL-037,active
TOOL-163,PRE-BUILD-HOOK,Pre-Build Hook,Hook,Execute preparation steps before build including dependency verification and environment validation,organism.execute,Interface Ring,INTERNAL,1.0.0,intelligence-wire/pre-build-hook,free,medium,150,1,Returns pre-build check results with dependency status and environment readiness,Returns error if dependency resolution fails or environment is misconfigured,@medina/organism-runtime-sdk,AL-021,active
TOOL-164,POST-BUILD-HOOK,Post-Build Hook,Hook,Execute verification steps after build including artifact validation signing and registry publication,organism.execute,Interface Ring,INTERNAL,1.0.0,intelligence-wire/post-build-hook,free,medium,200,1,Returns post-build verification with artifact hash and publication status,Returns error if artifact validation fails or signing key is unavailable,@medina/organism-runtime-sdk,AL-021,active
TOOL-165,ON-ERROR-HOOK,On-Error Hook,Hook,Trigger automated response when errors are detected including logging escalation and recovery initiation,organism.execute,Counsel Ring,INTERNAL,1.0.0,intelligence-wire/on-error-hook,free,high,100,1,Returns error handling receipt with logged details and escalation status,Returns error if error handler itself fails or escalation path is undefined,@medina/organism-runtime-sdk,AL-014 / AL-037,active
TOOL-166,ON-RECOVERY-HOOK,On-Recovery Hook,Hook,Trigger automated steps when system recovers from failure including state verification and notification,organism.execute,Transport Ring,INTERNAL,1.0.0,intelligence-wire/on-recovery-hook,free,medium,150,1,Returns recovery confirmation with state verification results and notification delivery status,Returns error if state verification fails after recovery or notification delivery fails,@medina/organism-runtime-sdk,AL-014 / AL-037,active
TOOL-167,ON-THRESHOLD-HOOK,On-Threshold Hook,Hook,Trigger automated actions when monitored metrics cross defined threshold boundaries,organism.execute,Transport Ring,INTERNAL,1.0.0,intelligence-wire/on-threshold-hook,free,medium,100,1,Returns threshold event details with metric value and triggered action confirmation,Returns error if metric source is unavailable or threshold configuration is invalid,@medina/organism-runtime-sdk,AL-014 / AL-019,active
TOOL-168,ON-ANOMALY-HOOK,On-Anomaly Hook,Hook,Trigger automated investigation when anomaly detection systems flag unusual patterns or behaviors,organism.execute,Counsel Ring,INTERNAL,1.0.0,intelligence-wire/on-anomaly-hook,free,high,150,2,Returns anomaly event details with investigation initiation and preliminary classification,Returns error if anomaly detector is unavailable or investigation cannot be initiated,@medina/organism-runtime-sdk,AL-014 / AL-010,active
TOOL-169,ON-HEARTBEAT-HOOK,On-Heartbeat Hook,Hook,Trigger periodic health assessment and status reporting on organism heartbeat cadence,organism.pulse.read,Sovereign Ring,INTERNAL,1.0.0,intelligence-wire/on-heartbeat-hook,free,low,80,0,Returns heartbeat-triggered health assessment with system vital signs,Returns error if heartbeat signal is lost or health assessment times out,@medina/organism-runtime-sdk,AL-019,active
TOOL-170,ON-RESONANCE-HOOK,On-Resonance Hook,Hook,Trigger synchronization actions when phi-resonance coupling events are detected across organism subsystems,organism.sync.write,Sovereign Ring,INTERNAL_SOVEREIGN,1.0.0,intelligence-wire/on-resonance-hook,free,high,100,2,Returns resonance event details with coupling parameters and synchronization adjustments,Returns error if resonance detection fails or coupling parameters are out of bounds,@medina/organism-runtime-sdk,AL-019 / AL-035,active
TOOL-171,ON-MUTATION-HOOK,On-Mutation Hook,Hook,Trigger validation and audit actions when state mutations occur in protected organism registers,organism.state.read,Sovereign Ring,INTERNAL_SOVEREIGN,1.0.0,intelligence-wire/on-mutation-hook,sovereign,critical,80,1,Returns mutation event audit record with before/after state and validation result,Returns error if mutation audit fails or state integrity check is violated,@medina/organism-runtime-sdk,AL-005 / AL-006 / AL-007,active
TOOL-172,ON-INTERSECTION-HOOK,On-Intersection Hook,Hook,Trigger actions when data flow paths intersect enabling cross-stream correlation and enrichment,organism.flow.read,Transport Ring,INTERNAL,1.0.0,intelligence-wire/on-intersection-hook,free,medium,120,1,Returns intersection event with correlated data streams and enrichment opportunities,Returns error if stream identification fails or intersection detection is ambiguous,@medina/intelligence-routing-sdk,AL-014 / AL-022,active
TOOL-173,ON-RESIZE-HOOK,On-Resize Hook,Hook,Trigger scaling actions when resource utilization requires capacity adjustment up or down,organism.execute,Transport Ring,INTERNAL,1.0.0,intelligence-wire/on-resize-hook,free,medium,150,1,Returns resize event with scaling action taken and new capacity allocation,Returns error if scaling limits are reached or resource provider is unavailable,@medina/organism-runtime-sdk,AL-014,active
TOOL-174,ON-PERFORMANCE-HOOK,On-Performance Hook,Hook,Trigger optimization actions when performance degradation is detected beyond acceptable thresholds,organism.execute,Transport Ring,INTERNAL,1.0.0,intelligence-wire/on-performance-hook,free,high,100,1,Returns performance event with degradation details and initiated optimization actions,Returns error if performance baseline is undefined or optimization action fails,@medina/organism-runtime-sdk,AL-014,active
TOOL-175,ON-MESSAGE-HOOK,On-Message Hook,Hook,Trigger processing actions when messages arrive on subscribed organism communication channels,organism.routing.write,Transport Ring,INTERNAL,1.0.0,intelligence-wire/on-message-hook,free,low,60,0,Returns message processing receipt with routing decision and handler execution status,Returns error if message deserialization fails or handler is unavailable,@medina/intelligence-routing-sdk,AL-014 / AL-027,active
TOOL-176,ON-STATE-CHANGE-HOOK,On-State-Change Hook,Hook,Trigger reactive actions when organism lifecycle state transitions occur between phases,organism.lifecycle.read,Sovereign Ring,INTERNAL,1.0.0,intelligence-wire/on-state-change-hook,free,medium,80,1,Returns state transition event with previous and new states and triggered actions,Returns error if state transition is invalid or triggered action fails,@medina/organism-runtime-sdk,AL-019 / AL-005,active
TOOL-177,ON-PERMISSION-CHANGE-HOOK,On-Permission-Change Hook,Hook,Trigger security review actions when permission grants or revocations occur in the organism,organism.security.read,Counsel Ring,INTERNAL_SOVEREIGN,1.0.0,intelligence-wire/on-permission-change-hook,free,critical,100,1,Returns permission change audit record with affected principals and security review status,Returns error if permission audit logging fails or review initiation is blocked,@medina/organism-runtime-sdk,AL-010 / AL-011,active
TOOL-178,ON-TIER-PROMOTION-HOOK,On-Tier-Promotion Hook,Hook,Trigger validation and compliance checks when tools or services are promoted to higher exposure tiers,organism.governance.read,Counsel Ring,INTERNAL_SOVEREIGN,1.0.0,intelligence-wire/on-tier-promotion-hook,sovereign,critical,200,2,Returns tier promotion audit with compliance check results and gate verdicts,Returns error if promotion requirements are unmet or compliance verification fails,@medina/organism-runtime-sdk / @medina/enterprise-integration-sdk,AL-021 / AL-040,active
TOOL-179,ON-SETTLEMENT-HOOK,On-Settlement Hook,Hook,Trigger financial reconciliation and reward distribution when blockchain settlements are finalized,organism.sovereign,Proof Ring,INTERNAL_SOVEREIGN,1.0.0,intelligence-wire/on-settlement-hook,sovereign,critical,300,3,Returns settlement event with reconciliation status and reward distribution initiation,Returns error if settlement data is incomplete or reconciliation discrepancy detected,@medina/enterprise-integration-sdk / @medina/organism-runtime-sdk,AL-052 / AL-058,active
TOOL-180,ON-SCHEMA-EVOLUTION-HOOK,On-Schema-Evolution Hook,Hook,Trigger migration and compatibility checks when data schemas evolve with breaking or non-breaking changes,organism.state.read,Memory Ring,INTERNAL_SOVEREIGN,1.0.0,intelligence-wire/on-schema-evolution-hook,free,high,200,2,Returns schema evolution event with compatibility assessment and migration plan reference,Returns error if schema diff analysis fails or backward compatibility is broken,@medina/sovereign-memory-sdk / @medina/organism-runtime-sdk,AL-005 / AL-020,active
TOOL-181,SCHEDULE-TRIGGER,Schedule Trigger,Trigger,Execute registered actions on cron-based schedules with timezone awareness and overlap prevention,organism.execute,Transport Ring,INTERNAL,1.0.0,intelligence-wire/schedule-trigger,free,medium,50,0,Returns scheduled execution receipt with next run time and execution status,Returns error if cron expression is invalid or scheduled action fails to initialize,@medina/organism-runtime-sdk,AL-019,active
TOOL-182,THRESHOLD-TRIGGER,Threshold Trigger,Trigger,Auto-execute actions when monitored metrics breach upper or lower threshold boundaries,organism.execute,Transport Ring,INTERNAL,1.0.0,intelligence-wire/threshold-trigger,free,medium,80,1,Returns trigger activation record with metric value and executed action status,Returns error if metric source is unreachable or action execution fails,@medina/organism-runtime-sdk,AL-014 / AL-019,active
TOOL-183,PATTERN-TRIGGER,Pattern Trigger,Trigger,Auto-execute actions when specific data patterns are detected in monitored streams,organism.execute,Transport Ring,INTERNAL,1.0.0,intelligence-wire/pattern-trigger,metered,medium,150,2,Returns trigger activation with matched pattern details and executed action status,Returns error if pattern matching fails or stream is disconnected,@medina/organism-runtime-sdk / @medina/intelligence-routing-sdk,AL-014 / AL-022,active
TOOL-184,ANOMALY-TRIGGER,Anomaly Trigger,Trigger,Auto-execute investigation actions when statistical anomalies are detected beyond normal variance,organism.execute,Counsel Ring,INTERNAL,1.0.0,intelligence-wire/anomaly-trigger,metered,high,200,2,Returns trigger activation with anomaly classification and investigation action status,Returns error if anomaly model is unavailable or baseline data is insufficient,@medina/organism-runtime-sdk,AL-014 / AL-010,active
TOOL-185,HEARTBEAT-TRIGGER,Heartbeat Trigger,Trigger,Auto-execute health check actions synchronized to organism heartbeat cadence intervals,organism.pulse.read,Sovereign Ring,INTERNAL,1.0.0,intelligence-wire/heartbeat-trigger,free,low,60,0,Returns heartbeat-synchronized execution receipt with health check results,Returns error if heartbeat synchronization is lost or health check action fails,@medina/organism-runtime-sdk,AL-019,active
TOOL-186,RESONANCE-TRIGGER,Resonance Trigger,Trigger,Auto-execute synchronization actions when phi-resonance coupling reaches critical thresholds,organism.sync.write,Sovereign Ring,INTERNAL_SOVEREIGN,1.0.0,intelligence-wire/resonance-trigger,free,high,100,2,Returns resonance-triggered action receipt with coupling parameters and sync adjustments,Returns error if resonance measurement fails or sync action is rejected,@medina/organism-runtime-sdk,AL-019 / AL-035,active
TOOL-187,COST-TRIGGER,Cost Trigger,Trigger,Auto-execute budget management actions when spending rates exceed projected thresholds,organism.execute,Interface Ring,INTERNAL_SOVEREIGN,1.0.0,intelligence-wire/cost-trigger,free,medium,100,1,Returns cost trigger activation with spending rate and initiated management action,Returns error if billing data is unavailable or budget threshold is undefined,@medina/organism-runtime-sdk / @medina/enterprise-integration-sdk,AL-052 / AL-053,active
TOOL-188,LATENCY-TRIGGER,Latency Trigger,Trigger,Auto-execute optimization actions when request latency exceeds acceptable percentile thresholds,organism.execute,Transport Ring,INTERNAL,1.0.0,intelligence-wire/latency-trigger,free,medium,80,1,Returns latency trigger activation with percentile breach details and optimization action status,Returns error if latency measurement is unavailable or optimization action fails,@medina/organism-runtime-sdk,AL-014,active
TOOL-189,ERROR-RATE-TRIGGER,Error Rate Trigger,Trigger,Auto-execute incident response actions when error rates exceed defined thresholds in sliding windows,organism.execute,Counsel Ring,INTERNAL,1.0.0,intelligence-wire/error-rate-trigger,free,high,100,1,Returns error rate trigger activation with rate details and incident response initiation,Returns error if error rate calculation fails or incident response path is undefined,@medina/organism-runtime-sdk,AL-014 / AL-037,active
TOOL-190,CAPACITY-TRIGGER,Capacity Trigger,Trigger,Auto-execute scaling actions when resource capacity utilization reaches critical levels,organism.execute,Transport Ring,INTERNAL,1.0.0,intelligence-wire/capacity-trigger,free,medium,100,1,Returns capacity trigger activation with utilization metrics and scaling action status,Returns error if capacity metrics are unavailable or scaling limits reached,@medina/organism-runtime-sdk,AL-014,active
TOOL-191,DRIFT-TRIGGER,Drift Trigger,Trigger,Auto-execute correction actions when configuration or model drift is detected beyond tolerance,organism.execute,Counsel Ring,INTERNAL_SOVEREIGN,1.0.0,intelligence-wire/drift-trigger,metered,high,200,2,Returns drift trigger activation with drift magnitude and correction action status,Returns error if drift detection model is unavailable or baseline is undefined,@medina/organism-runtime-sdk / @medina/ai-model-engines,AL-025 / AL-039,active
TOOL-192,STALENESS-TRIGGER,Staleness Trigger,Trigger,Auto-execute refresh actions when cached data or documentation exceeds maximum staleness thresholds,organism.execute,Memory Ring,INTERNAL,1.0.0,intelligence-wire/staleness-trigger,free,low,80,0,Returns staleness trigger activation with age metrics and refresh action status,Returns error if staleness check fails or refresh source is unavailable,@medina/organism-runtime-sdk / @medina/sovereign-memory-sdk,AL-020,active
TOOL-193,COMPLIANCE-TRIGGER,Compliance Trigger,Trigger,Auto-execute audit actions when compliance control violations or policy changes are detected,organism.governance.read,Counsel Ring,INTERNAL_SOVEREIGN,1.0.0,intelligence-wire/compliance-trigger,sovereign,critical,150,2,Returns compliance trigger activation with violation details and audit initiation status,Returns error if compliance monitoring is unavailable or audit initiation fails,@medina/organism-runtime-sdk / @medina/enterprise-integration-sdk,AL-040 / AL-058,active
TOOL-194,SECURITY-TRIGGER,Security Trigger,Trigger,Auto-execute defensive actions when security threats or suspicious activities are detected,organism.security.read,Counsel Ring,INTERNAL_SOVEREIGN,1.0.0,intelligence-wire/security-trigger,sovereign,critical,80,1,Returns security trigger activation with threat classification and defensive action status,Returns error if threat detection is unavailable or defensive action is blocked,@medina/organism-runtime-sdk / @medina/enterprise-integration-sdk,AL-010 / AL-011,active
TOOL-195,PERFORMANCE-TRIGGER,Performance Trigger,Trigger,Auto-execute optimization actions when performance KPIs degrade below service level objectives,organism.execute,Transport Ring,INTERNAL,1.0.0,intelligence-wire/performance-trigger,free,medium,100,1,Returns performance trigger activation with KPI breach details and optimization action status,Returns error if SLO definition is missing or optimization action fails,@medina/organism-runtime-sdk,AL-014,active
TOOL-196,USAGE-TRIGGER,Usage Trigger,Trigger,Auto-execute scaling or notification actions when usage patterns indicate demand changes,organism.execute,Interface Ring,INTERNAL,1.0.0,intelligence-wire/usage-trigger,free,medium,100,1,Returns usage trigger activation with demand pattern analysis and scaling action status,Returns error if usage metrics are unavailable or demand model is uncalibrated,@medina/organism-runtime-sdk,AL-014,active
TOOL-197,FEEDBACK-TRIGGER,Feedback Trigger,Trigger,Auto-execute improvement actions when user or system feedback indicates quality degradation,organism.execute,Interface Ring,INTERNAL,1.0.0,intelligence-wire/feedback-trigger,free,medium,150,1,Returns feedback trigger activation with sentiment analysis and improvement action status,Returns error if feedback collection is unavailable or sentiment analysis fails,@medina/organism-runtime-sdk,AL-014 / AL-025,active
TOOL-198,QUALITY-TRIGGER,Quality Trigger,Trigger,Auto-execute remediation actions when output quality metrics fall below defined quality gates,organism.execute,Interface Ring,INTERNAL,1.0.0,intelligence-wire/quality-trigger,free,medium,120,1,Returns quality trigger activation with metric breach details and remediation action status,Returns error if quality metrics are unavailable or remediation path is undefined,@medina/organism-runtime-sdk,AL-021 / AL-025,active
TOOL-199,AVAILABILITY-TRIGGER,Availability Trigger,Trigger,Auto-execute failover actions when service availability drops below defined SLA thresholds,organism.execute,Transport Ring,INTERNAL,1.0.0,intelligence-wire/availability-trigger,free,high,80,1,Returns availability trigger activation with downtime details and failover action status,Returns error if availability monitoring is unavailable or failover target is unreachable,@medina/organism-runtime-sdk,AL-014 / AL-037,active
TOOL-200,CHAOS-TRIGGER,Chaos Trigger,Trigger,Auto-execute controlled chaos experiments during predefined safe windows to test resilience,organism.execute,Transport Ring,INTERNAL_SOVEREIGN,1.0.0,intelligence-wire/chaos-trigger,premium,critical,200,3,Returns chaos trigger activation with experiment parameters and safety boundary confirmation,Returns error if safety window is closed or experiment parameters exceed safety limits,@medina/organism-runtime-sdk / @medina/enterprise-integration-sdk,AL-014 / AL-037,active
TOOL-201,OPENAI-ADAPTER,OpenAI Adapter,Adapter,Connect organism inference pipeline to OpenAI API with model routing token management and fallback handling,organism.inference.execute,Interface Ring,INTERNAL_SOVEREIGN,1.0.0,intelligence-wire/sovereign-ide,metered,medium,300,4,Returns OpenAI API response with usage metrics and model metadata,Returns error if API key is invalid or rate limit exceeded,@medina/ai-model-engines / @medina/sovereign-ide-bridge,AL-025 / AL-026,active
TOOL-202,ANTHROPIC-ADAPTER,Anthropic Adapter,Adapter,Connect organism inference pipeline to Anthropic API with context window management and safety integration,organism.inference.execute,Interface Ring,INTERNAL_SOVEREIGN,1.0.0,intelligence-wire/sovereign-ide,metered,medium,350,4,Returns Anthropic API response with usage metrics and safety classification,Returns error if API authentication fails or context window exceeded,@medina/ai-model-engines / @medina/sovereign-ide-bridge,AL-025 / AL-026,active
TOOL-203,GOOGLE-AI-ADAPTER,Google AI Adapter,Adapter,Connect organism inference pipeline to Google AI APIs including Gemini with multimodal support,organism.inference.execute,Interface Ring,INTERNAL_SOVEREIGN,1.0.0,intelligence-wire/sovereign-ide,metered,medium,300,4,Returns Google AI API response with usage metrics and multimodal processing status,Returns error if API credentials are invalid or quota exceeded,@medina/ai-model-engines / @medina/sovereign-ide-bridge,AL-025 / AL-026,active
TOOL-204,META-AI-ADAPTER,Meta AI Adapter,Adapter,Connect organism inference pipeline to Meta AI models including Llama with local and hosted deployment support,organism.inference.execute,Interface Ring,INTERNAL_SOVEREIGN,1.0.0,intelligence-wire/sovereign-ide,metered,medium,250,3,Returns Meta AI model response with inference metrics and deployment endpoint status,Returns error if model endpoint is unreachable or input format is incompatible,@medina/ai-model-engines / @medina/sovereign-ide-bridge,AL-025 / AL-026,active
TOOL-205,MISTRAL-ADAPTER,Mistral Adapter,Adapter,Connect organism inference pipeline to Mistral AI API with function calling and structured output support,organism.inference.execute,Interface Ring,INTERNAL_SOVEREIGN,1.0.0,intelligence-wire/sovereign-ide,metered,medium,250,3,Returns Mistral API response with usage metrics and function call results,Returns error if API authentication fails or model is unavailable,@medina/ai-model-engines / @medina/sovereign-ide-bridge,AL-025 / AL-026,active
TOOL-206,COHERE-ADAPTER,Cohere Adapter,Adapter,Connect organism inference pipeline to Cohere API with embedding retrieval and reranking capabilities,organism.inference.execute,Interface Ring,INTERNAL_SOVEREIGN,1.0.0,intelligence-wire/sovereign-ide,metered,medium,200,3,Returns Cohere API response with embedding vectors and reranking scores,Returns error if API key is invalid or embedding dimension mismatch,@medina/ai-model-engines / @medina/sovereign-ide-bridge,AL-025 / AL-026,active
TOOL-207,DEEPSEEK-ADAPTER,DeepSeek Adapter,Adapter,Connect organism inference pipeline to DeepSeek API with code generation and reasoning specialization,organism.inference.execute,Interface Ring,INTERNAL_SOVEREIGN,1.0.0,intelligence-wire/sovereign-ide,metered,medium,300,3,Returns DeepSeek API response with reasoning traces and code generation results,Returns error if API endpoint is unreachable or request format is invalid,@medina/ai-model-engines / @medina/sovereign-ide-bridge,AL-025 / AL-026,active
TOOL-208,HUGGINGFACE-ADAPTER,HuggingFace Adapter,Adapter,Connect organism inference pipeline to HuggingFace Inference API with model hub discovery and endpoint management,organism.inference.execute,Interface Ring,INTERNAL_SOVEREIGN,1.0.0,intelligence-wire/sovereign-ide,metered,medium,400,3,Returns HuggingFace inference response with model metadata and pipeline configuration,Returns error if model is not found or inference endpoint is cold-starting,@medina/ai-model-engines / @medina/sovereign-ide-bridge,AL-025 / AL-026,active
TOOL-209,REPLICATE-ADAPTER,Replicate Adapter,Adapter,Connect organism inference pipeline to Replicate API with async prediction management and webhook support,organism.inference.execute,Interface Ring,INTERNAL_SOVEREIGN,1.0.0,intelligence-wire/sovereign-ide,metered,medium,500,4,Returns Replicate prediction result with execution time and output URLs,Returns error if model version is not found or prediction timeout exceeded,@medina/ai-model-engines / @medina/sovereign-ide-bridge,AL-025 / AL-026,active
TOOL-210,TOGETHER-ADAPTER,Together Adapter,Adapter,Connect organism inference pipeline to Together AI API with batch inference and fine-tuning integration,organism.inference.execute,Interface Ring,INTERNAL_SOVEREIGN,1.0.0,intelligence-wire/sovereign-ide,metered,medium,250,3,Returns Together AI response with batch processing status and model performance metrics,Returns error if API authentication fails or model is not available on platform,@medina/ai-model-engines / @medina/sovereign-ide-bridge,AL-025 / AL-026,active
TOOL-211,FIREWORKS-ADAPTER,Fireworks Adapter,Adapter,Connect organism inference pipeline to Fireworks AI API with optimized serving and low-latency inference,organism.inference.execute,Interface Ring,INTERNAL_SOVEREIGN,1.0.0,intelligence-wire/sovereign-ide,metered,medium,200,3,Returns Fireworks AI response with latency metrics and serving optimization details,Returns error if API endpoint is unavailable or request exceeds throughput limit,@medina/ai-model-engines / @medina/sovereign-ide-bridge,AL-025 / AL-026,active
TOOL-212,GROQ-ADAPTER,Groq Adapter,Adapter,Connect organism inference pipeline to Groq API with ultra-low-latency LPU inference acceleration,organism.inference.execute,Interface Ring,INTERNAL_SOVEREIGN,1.0.0,intelligence-wire/sovereign-ide,metered,medium,100,3,Returns Groq API response with LPU inference metrics and token throughput rates,Returns error if API rate limit exceeded or model is not supported on LPU,@medina/ai-model-engines / @medina/sovereign-ide-bridge,AL-025 / AL-026,active
TOOL-213,PERPLEXITY-ADAPTER,Perplexity Adapter,Adapter,Connect organism inference pipeline to Perplexity API with real-time search-augmented generation,organism.inference.execute,Interface Ring,INTERNAL_SOVEREIGN,1.0.0,intelligence-wire/sovereign-ide,metered,medium,400,4,Returns Perplexity response with search citations and source reliability scores,Returns error if API authentication fails or search index is unavailable,@medina/ai-model-engines / @medina/sovereign-ide-bridge,AL-025 / AL-026,active
TOOL-214,GITHUB-COPILOT-ADAPTER,GitHub Copilot Adapter,Adapter,Connect organism inference pipeline to GitHub Copilot API with code completion and chat integration,organism.inference.execute,Interface Ring,INTERNAL_SOVEREIGN,1.0.0,intelligence-wire/sovereign-ide,metered,medium,250,4,Returns Copilot response with code suggestions and confidence scores,Returns error if Copilot subscription is inactive or API endpoint is unavailable,@medina/ai-model-engines / @medina/sovereign-ide-bridge,AL-025 / AL-026,active
TOOL-215,CURSOR-ADAPTER,Cursor Adapter,Adapter,Connect organism inference pipeline to Cursor IDE API with codebase-aware editing and chat capabilities,organism.inference.execute,Interface Ring,INTERNAL_SOVEREIGN,1.0.0,intelligence-wire/sovereign-ide,metered,medium,300,4,Returns Cursor response with code edit suggestions and codebase context references,Returns error if Cursor session is inactive or workspace context is unavailable,@medina/ai-model-engines / @medina/sovereign-ide-bridge,AL-025 / AL-026,active
TOOL-216,WINDSURF-ADAPTER,Windsurf Adapter,Adapter,Connect organism inference pipeline to Windsurf IDE API with flow-based coding and cascade capabilities,organism.inference.execute,Interface Ring,INTERNAL_SOVEREIGN,1.0.0,intelligence-wire/sovereign-ide,metered,medium,300,4,Returns Windsurf response with cascade suggestions and flow execution results,Returns error if Windsurf session is inactive or flow context is unavailable,@medina/ai-model-engines / @medina/sovereign-ide-bridge,AL-025 / AL-026,active
TOOL-217,SLACK-AI-ADAPTER,Slack AI Adapter,Adapter,Connect organism communication channels to Slack with AI-powered message routing and thread management,organism.routing.write,Interface Ring,ENTERPRISE,1.0.0,intelligence-wire/slack-ai-adapter,metered,medium,200,3,Returns Slack integration status with message delivery confirmation and thread context,Returns error if Slack workspace authorization fails or channel is archived,@medina/enterprise-integration-sdk / @medina/intelligence-routing-sdk,AL-027 / AL-025,active
TOOL-218,DISCORD-AI-ADAPTER,Discord AI Adapter,Adapter,Connect organism communication channels to Discord with bot integration and slash command support,organism.routing.write,Interface Ring,ENTERPRISE,1.0.0,intelligence-wire/discord-ai-adapter,metered,medium,200,3,Returns Discord integration status with message delivery and command registration confirmation,Returns error if bot token is invalid or guild permissions are insufficient,@medina/enterprise-integration-sdk / @medina/intelligence-routing-sdk,AL-027 / AL-025,active
TOOL-219,NOTION-AI-ADAPTER,Notion AI Adapter,Adapter,Connect organism knowledge management to Notion with bi-directional sync and AI-assisted content generation,organism.routing.write,Interface Ring,ENTERPRISE,1.0.0,intelligence-wire/notion-ai-adapter,metered,medium,300,3,Returns Notion sync status with page update confirmation and content generation results,Returns error if Notion API authorization fails or workspace is inaccessible,@medina/enterprise-integration-sdk / @medina/intelligence-routing-sdk,AL-027 / AL-025,active
TOOL-220,FIGMA-AI-ADAPTER,Figma AI Adapter,Adapter,Connect organism design workflows to Figma with AI-assisted design generation and component extraction,organism.routing.write,Interface Ring,ENTERPRISE,1.0.0,intelligence-wire/figma-ai-adapter,metered,medium,350,3,Returns Figma integration status with design extraction results and component mappings,Returns error if Figma API token is invalid or file access is denied,@medina/enterprise-integration-sdk / @medina/intelligence-routing-sdk,AL-027 / AL-025,active
TOOL-221,CPU-SENSOR,CPU Sensor,Sensor,Continuously monitor CPU utilization across organism worker processes with per-core granularity,organism.analysis.read,Transport Ring,INTERNAL,1.0.0,intelligence-wire/cpu-sensor,free,low,50,0,Returns CPU utilization readings with per-core breakdown and trend indicators,Returns error if CPU metrics collection agent is unavailable,@medina/organism-runtime-sdk,AL-014 / AL-019,active
TOOL-222,MEMORY-SENSOR,Memory Sensor,Sensor,Continuously monitor memory allocation and usage patterns across organism processes and caches,organism.analysis.read,Memory Ring,INTERNAL,1.0.0,intelligence-wire/memory-sensor,free,low,50,0,Returns memory utilization with heap and stack breakdown and GC pressure indicators,Returns error if memory profiling agent is unavailable or target process is unreachable,@medina/organism-runtime-sdk,AL-014 / AL-020,active
TOOL-223,NETWORK-SENSOR,Network Sensor,Sensor,Continuously monitor network traffic patterns bandwidth utilization and connection health,organism.analysis.read,Transport Ring,INTERNAL,1.0.0,intelligence-wire/network-sensor,free,low,60,0,Returns network metrics with bandwidth utilization and connection state summaries,Returns error if network monitoring agent is unavailable or interface is down,@medina/organism-runtime-sdk / @medina/intelligence-routing-sdk,AL-014,active
TOOL-224,STORAGE-SENSOR,Storage Sensor,Sensor,Continuously monitor storage capacity utilization IOPS and access pattern distributions,organism.analysis.read,Memory Ring,INTERNAL,1.0.0,intelligence-wire/storage-sensor,free,low,80,0,Returns storage metrics with capacity utilization and IOPS measurements per volume,Returns error if storage monitoring agent is unavailable or volume is unmounted,@medina/organism-runtime-sdk / @medina/sovereign-memory-sdk,AL-014 / AL-020,active
TOOL-225,LATENCY-SENSOR,Latency Sensor,Sensor,Continuously monitor request latency with percentile tracking across organism service endpoints,organism.analysis.read,Transport Ring,INTERNAL,1.0.0,intelligence-wire/latency-sensor,free,low,50,0,Returns latency percentiles with p50 p95 p99 breakdown per endpoint,Returns error if latency collection is unavailable or endpoint registry is empty,@medina/organism-runtime-sdk,AL-014,active
TOOL-226,THROUGHPUT-SENSOR,Throughput Sensor,Sensor,Continuously monitor data throughput rates across organism processing pipelines and channels,organism.analysis.read,Transport Ring,INTERNAL,1.0.0,intelligence-wire/throughput-sensor,free,low,60,0,Returns throughput measurements with requests-per-second and bytes-per-second per channel,Returns error if throughput monitoring is unavailable or channel is disconnected,@medina/organism-runtime-sdk / @medina/intelligence-routing-sdk,AL-014,active
TOOL-227,ERROR-RATE-SENSOR,Error Rate Sensor,Sensor,Continuously monitor error rates with categorization and trend detection across organism services,organism.analysis.read,Counsel Ring,INTERNAL,1.0.0,intelligence-wire/error-rate-sensor,free,low,50,0,Returns error rate metrics with category breakdown and trend direction indicators,Returns error if error tracking is unavailable or service registry is empty,@medina/organism-runtime-sdk,AL-014,active
TOOL-228,USER-ACTIVITY-SENSOR,User Activity Sensor,Sensor,Continuously monitor user activity patterns including session counts feature usage and engagement metrics,organism.analysis.read,Interface Ring,INTERNAL,1.0.0,intelligence-wire/user-activity-sensor,free,low,100,0,Returns user activity metrics with active sessions and feature utilization rates,Returns error if activity tracking is unavailable or anonymization pipeline fails,@medina/organism-runtime-sdk,AL-014,active
TOOL-229,MODEL-DRIFT-SENSOR,Model Drift Sensor,Sensor,Continuously monitor AI model performance for distributional drift and accuracy degradation over time,organism.analysis.read,Interface Ring,INTERNAL_SOVEREIGN,1.0.0,intelligence-wire/model-drift-sensor,metered,high,300,3,Returns drift measurement with statistical tests and degradation trend assessment,Returns error if baseline distribution is undefined or model outputs are inaccessible,@medina/ai-model-engines / @medina/organism-runtime-sdk,AL-025 / AL-039,active
TOOL-230,DATA-QUALITY-SENSOR,Data Quality Sensor,Sensor,Continuously monitor data quality dimensions including completeness accuracy consistency and freshness,organism.analysis.read,Memory Ring,INTERNAL,1.0.0,intelligence-wire/data-quality-sensor,free,medium,150,1,Returns data quality scores across dimensions with anomaly flags per data source,Returns error if data source is inaccessible or quality schema is undefined,@medina/sovereign-memory-sdk / @medina/organism-runtime-sdk,AL-020 / AL-022,active
TOOL-231,COST-ACCUMULATOR-SENSOR,Cost Accumulator Sensor,Sensor,Continuously track cost accumulation across organism operations with per-service and per-model granularity,organism.analysis.read,Interface Ring,INTERNAL_SOVEREIGN,1.0.0,intelligence-wire/cost-accumulator-sensor,free,medium,100,0,Returns accumulated cost metrics with per-service breakdown and budget consumption rate,Returns error if billing data source is unavailable or cost model is uncalibrated,@medina/organism-runtime-sdk / @medina/enterprise-integration-sdk,AL-052 / AL-053,active
TOOL-232,TOKEN-USAGE-SENSOR,Token Usage Sensor,Sensor,Continuously monitor token consumption across AI model interactions with per-model and per-task breakdown,organism.analysis.read,Interface Ring,INTERNAL,1.0.0,intelligence-wire/token-usage-sensor,free,low,60,0,Returns token usage metrics with input/output breakdown and cost attribution per model,Returns error if token counting is unavailable or model registry is inaccessible,@medina/ai-model-engines / @medina/organism-runtime-sdk,AL-025,active
TOOL-233,CACHE-HIT-SENSOR,Cache Hit Sensor,Sensor,Continuously monitor cache hit rates across organism caching layers with miss reason categorization,organism.analysis.read,Memory Ring,INTERNAL,1.0.0,intelligence-wire/cache-hit-sensor,free,low,50,0,Returns cache hit/miss ratios with miss reason categories and eviction statistics,Returns error if cache metrics are unavailable or cache layer is unresponsive,@medina/organism-runtime-sdk / @medina/sovereign-memory-sdk,AL-014 / AL-020,active
TOOL-234,QUEUE-DEPTH-SENSOR,Queue Depth Sensor,Sensor,Continuously monitor message queue depths and processing rates across organism async channels,organism.analysis.read,Transport Ring,INTERNAL,1.0.0,intelligence-wire/queue-depth-sensor,free,low,50,0,Returns queue depth metrics with processing rate and consumer lag per queue,Returns error if queue monitoring is unavailable or queue connection is lost,@medina/organism-runtime-sdk / @medina/intelligence-routing-sdk,AL-014,active
TOOL-235,CONNECTION-POOL-SENSOR,Connection Pool Sensor,Sensor,Continuously monitor connection pool utilization and health across database and service connections,organism.analysis.read,Transport Ring,INTERNAL,1.0.0,intelligence-wire/connection-pool-sensor,free,low,50,0,Returns pool utilization with active/idle/waiting connection counts and timeout rates,Returns error if pool metrics are unavailable or pool manager is unresponsive,@medina/organism-runtime-sdk,AL-014,active
TOOL-236,WORKER-HEALTH-SENSOR,Worker Health Sensor,Sensor,Continuously monitor background worker health including task completion rates and error frequencies,organism.analysis.read,Transport Ring,INTERNAL,1.0.0,intelligence-wire/worker-health-sensor,free,low,80,0,Returns worker health metrics with task success rates and resource utilization per worker,Returns error if worker registry is unavailable or health check endpoints are unreachable,@medina/organism-runtime-sdk,AL-014 / AL-019,active
TOOL-237,EXTENSION-HEALTH-SENSOR,Extension Health Sensor,Sensor,Continuously monitor installed extension health including response times error rates and resource usage,organism.analysis.read,Interface Ring,INTERNAL,1.0.0,intelligence-wire/extension-health-sensor,free,low,100,0,Returns extension health metrics with per-extension performance and stability scores,Returns error if extension registry is unavailable or health probes fail,@medina/organism-runtime-sdk,AL-014 / AL-019,active
TOOL-238,PROTOCOL-HEALTH-SENSOR,Protocol Health Sensor,Sensor,Continuously monitor communication protocol health including handshake success rates and message integrity,organism.analysis.read,Transport Ring,INTERNAL,1.0.0,intelligence-wire/protocol-health-sensor,free,low,80,0,Returns protocol health metrics with handshake success rates and message integrity scores,Returns error if protocol registry is unavailable or monitoring probes time out,@medina/organism-runtime-sdk / @medina/intelligence-routing-sdk,AL-014,active
TOOL-239,CANISTER-HEALTH-SENSOR,Canister Health Sensor,Sensor,Continuously monitor sovereign canister health including cycle consumption memory usage and call rates,organism.sovereign,Sovereign Ring,INTERNAL_SOVEREIGN,1.0.0,intelligence-wire/canister-health-sensor,sovereign,critical,150,1,Returns canister health metrics with cycle balance and memory utilization per canister,Returns error if canister management API is unavailable or sovereign access is denied,@medina/organism-runtime-sdk / @medina/enterprise-integration-sdk,AL-058 / AL-019,active
TOOL-240,ORGANISM-VITALITY-SENSOR,Organism Vitality Sensor,Sensor,Continuously monitor overall organism vitality synthesizing signals from all subsystem sensors into a unified health score,organism.pulse.read,Sovereign Ring,INTERNAL,1.0.0,intelligence-wire/organism-vitality-sensor,free,medium,200,1,Returns composite vitality score with subsystem health breakdown and trend assessment,Returns error if critical subsystem sensors are offline or vitality model is uncalibrated,@medina/organism-runtime-sdk,AL-019 / AL-014,active
TOOL-241,PROMPT-INJECTION-SHIELD,Prompt Injection Shield,Shield,Detect and block prompt injection attacks in AI inputs using multi-layer pattern and semantic analysis,organism.security.read,Counsel Ring,INTERNAL,1.0.0,intelligence-wire/prompt-injection-shield,free,critical,60,1,Returns injection detection result with threat classification and blocked payload details,Returns error if detection models are unavailable or input exceeds scan capacity,@medina/ai-model-engines / @medina/organism-runtime-sdk,AL-010 / AL-011,active
TOOL-242,PII-REDACTION-SHIELD,PII Redaction Shield,Shield,Automatically detect and redact personally identifiable information before data leaves organism boundaries,organism.security.read,Counsel Ring,INTERNAL,1.0.0,intelligence-wire/pii-redaction-shield,free,critical,75,1,Returns redacted output with PII entity map and redaction verification status,Returns error if PII detection model is unavailable or redaction rules are malformed,@medina/ai-model-engines / @medina/organism-runtime-sdk,AL-010 / AL-011,active
TOOL-243,TOXICITY-SHIELD,Toxicity Shield,Shield,Detect and filter toxic harmful or inappropriate content in AI inputs and outputs,organism.security.read,Counsel Ring,INTERNAL,1.0.0,intelligence-wire/toxicity-shield,free,critical,80,1,Returns toxicity classification with category scores and filter action taken,Returns error if toxicity model is unavailable or content format is unsupported,@medina/ai-model-engines,AL-010 / AL-039,active
TOOL-244,BIAS-DETECTION-SHIELD,Bias Detection Shield,Shield,Detect and flag biased outputs across demographic and categorical dimensions in AI responses,organism.governance.read,Counsel Ring,INTERNAL_SOVEREIGN,1.0.0,intelligence-wire/bias-detection-shield,metered,high,200,2,Returns bias analysis with flagged dimensions and mitigation recommendations,Returns error if bias detection model is unavailable or evaluation criteria are undefined,@medina/ai-model-engines,AL-010 / AL-039,active
TOOL-245,RATE-LIMIT-SHIELD,Rate Limit Shield,Shield,Enforce configurable rate limiting across organism API endpoints with sliding window and token bucket algorithms,organism.security.read,Transport Ring,INTERNAL,1.0.0,intelligence-wire/rate-limit-shield,free,medium,10,0,Returns rate limit status with remaining quota and reset time,Returns error with retry-after header if rate limit exceeded,@medina/organism-runtime-sdk,AL-014,active
TOOL-246,DDoS-SHIELD,DDoS Shield,Shield,Detect and mitigate distributed denial-of-service attacks with traffic analysis and adaptive filtering,organism.security.read,Transport Ring,INTERNAL_SOVEREIGN,1.0.0,intelligence-wire/ddos-shield,sovereign,critical,20,1,Returns DDoS protection status with traffic analysis and mitigation action details,Returns error if traffic analysis engine is overloaded or mitigation rules conflict,@medina/organism-runtime-sdk / @medina/enterprise-integration-sdk,AL-010 / AL-011,active
TOOL-247,DATA-EXFILTRATION-SHIELD,Data Exfiltration Shield,Shield,Detect and prevent unauthorized data exfiltration attempts across organism output channels,organism.security.read,Counsel Ring,INTERNAL_SOVEREIGN,1.0.0,intelligence-wire/data-exfiltration-shield,sovereign,critical,50,1,Returns exfiltration scan result with data classification and block action details,Returns error if data classification model is unavailable or output channel is unmonitored,@medina/organism-runtime-sdk / @medina/enterprise-integration-sdk,AL-010 / AL-011,active
TOOL-248,PRIVILEGE-ESCALATION-SHIELD,Privilege Escalation Shield,Shield,Detect and block privilege escalation attempts in organism permission and access control systems,organism.security.read,Counsel Ring,INTERNAL_SOVEREIGN,1.0.0,intelligence-wire/privilege-escalation-shield,sovereign,critical,30,1,Returns escalation detection result with attempted privilege path and block confirmation,Returns error if permission graph is unavailable or access control system is offline,@medina/organism-runtime-sdk,AL-010 / AL-011,active
TOOL-249,SUPPLY-CHAIN-SHIELD,Supply Chain Shield,Shield,Verify integrity of supply chain dependencies including packages extensions and external modules,organism.security.read,Counsel Ring,INTERNAL_SOVEREIGN,1.0.0,intelligence-wire/supply-chain-shield,metered,high,300,3,Returns supply chain integrity report with verified/unverified dependency list and risk scores,Returns error if package registry is unreachable or signature verification fails,@medina/organism-runtime-sdk / @medina/enterprise-integration-sdk,AL-011 / AL-052,active
TOOL-250,DEPENDENCY-VULNERABILITY-SHIELD,Dependency Vulnerability Shield,Shield,Scan dependencies for known vulnerabilities with CVE matching and exploitability assessment,organism.security.read,Counsel Ring,INTERNAL,1.0.0,intelligence-wire/dependency-vulnerability-shield,free,high,250,2,Returns vulnerability scan results with CVE matches and exploitability scores per dependency,Returns error if vulnerability database is unavailable or dependency manifest is malformed,@medina/organism-runtime-sdk,AL-011,active
TOOL-251,XSS-SHIELD,XSS Shield,Shield,Detect and sanitize cross-site scripting payloads in organism web-facing inputs and outputs,organism.security.read,Interface Ring,INTERNAL,1.0.0,intelligence-wire/xss-shield,free,high,15,0,Returns XSS scan result with sanitized output and detected payload details,Returns error if sanitization engine is unavailable or input encoding is unsupported,@medina/organism-runtime-sdk,AL-010 / AL-011,active
TOOL-252,CSRF-SHIELD,CSRF Shield,Shield,Validate CSRF tokens and enforce same-origin policies across organism web-facing endpoints,organism.security.read,Interface Ring,INTERNAL,1.0.0,intelligence-wire/csrf-shield,free,high,10,0,Returns CSRF validation result with token verification status and origin check,Returns error if token is missing or origin validation fails,@medina/organism-runtime-sdk,AL-010 / AL-011,active
TOOL-253,INJECTION-SHIELD,Injection Shield,Shield,Detect and prevent SQL NoSQL and command injection attacks across organism data input channels,organism.security.read,Interface Ring,INTERNAL,1.0.0,intelligence-wire/injection-shield,free,critical,20,0,Returns injection scan result with attack type classification and blocked payload,Returns error if injection detection patterns are outdated or input parsing fails,@medina/organism-runtime-sdk,AL-010 / AL-011,active
TOOL-254,AUTHENTICATION-SHIELD,Authentication Shield,Shield,Enforce authentication requirements with multi-factor support and session integrity verification,organism.security.read,Counsel Ring,INTERNAL,1.0.0,intelligence-wire/authentication-shield,free,critical,50,0,Returns authentication verification result with credential status and session validity,Returns error if authentication provider is unavailable or credential format is invalid,@medina/organism-runtime-sdk,AL-010 / AL-011,active
TOOL-255,AUTHORIZATION-SHIELD,Authorization Shield,Shield,Enforce fine-grained authorization policies with role-based and attribute-based access control evaluation,organism.security.read,Counsel Ring,INTERNAL,1.0.0,intelligence-wire/authorization-shield,free,critical,30,0,Returns authorization decision with policy evaluation trace and permission grants,Returns error if policy engine is unavailable or principal identity cannot be resolved,@medina/organism-runtime-sdk,AL-010 / AL-011,active
TOOL-256,ENCRYPTION-AT-REST-SHIELD,Encryption at Rest Shield,Shield,Enforce encryption-at-rest policies for organism data stores with key management and rotation verification,organism.security.read,Memory Ring,INTERNAL_SOVEREIGN,1.0.0,intelligence-wire/encryption-at-rest-shield,sovereign,critical,80,1,Returns encryption status with key rotation compliance and unencrypted data detection,Returns error if key management service is unavailable or encryption policy is undefined,@medina/organism-runtime-sdk / @medina/enterprise-integration-sdk,AL-010 / AL-011 / AL-058,active
TOOL-257,ENCRYPTION-IN-TRANSIT-SHIELD,Encryption in Transit Shield,Shield,Enforce encryption-in-transit policies for organism communication channels with TLS verification,organism.security.read,Transport Ring,INTERNAL_SOVEREIGN,1.0.0,intelligence-wire/encryption-in-transit-shield,sovereign,critical,20,0,Returns TLS verification status with certificate chain validation and cipher suite assessment,Returns error if TLS configuration is invalid or certificate has expired,@medina/organism-runtime-sdk / @medina/enterprise-integration-sdk,AL-010 / AL-011,active
TOOL-258,AUDIT-TRAIL-SHIELD,Audit Trail Shield,Shield,Ensure comprehensive audit trail capture for all security-relevant organism operations and state changes,organism.governance.read,Counsel Ring,INTERNAL_SOVEREIGN,1.0.0,intelligence-wire/audit-trail-shield,sovereign,critical,40,1,Returns audit trail verification with completeness score and gap detection results,Returns error if audit log sink is unavailable or trail integrity check fails,@medina/organism-runtime-sdk / @medina/enterprise-integration-sdk,AL-010 / AL-040 / AL-058,active
TOOL-259,COMPLIANCE-SHIELD,Compliance Shield,Shield,Enforce real-time compliance controls across organism operations with policy gate evaluation,organism.governance.read,Counsel Ring,INTERNAL_SOVEREIGN,1.0.0,intelligence-wire/compliance-shield,sovereign,critical,100,2,Returns compliance gate evaluation with control status and violation details if any,Returns error if compliance policy engine is unavailable or control definitions are missing,@medina/organism-runtime-sdk / @medina/enterprise-integration-sdk,AL-040 / AL-058,active
TOOL-260,SOVEREIGN-BOUNDARY-SHIELD,Sovereign Boundary Shield,Shield,Enforce sovereign data boundary controls preventing unauthorized cross-boundary data movement,organism.sovereign,Sovereign Ring,INTERNAL_SOVEREIGN,1.0.0,intelligence-wire/sovereign-boundary-shield,sovereign,critical,50,2,Returns boundary enforcement result with data flow classification and crossing authorization status,Returns error if boundary policy is undefined or data classification engine is unavailable,@medina/organism-runtime-sdk / @medina/enterprise-integration-sdk,AL-010 / AL-011 / AL-058,active
TOOL-261,STATIC-ANALYSIS-FORGE,Static Analysis,Forge,Perform static code analysis to detect bugs and code smells before deployment,organism.engineering.read,Build Ring,INTERNAL_SOVEREIGN,1.0.0,intelligence-wire/static-analysis-forge,sovereign,critical,80,1,Returns analysis result with findings summary and actionable recommendations,Returns error if source artifacts are unavailable or analysis engine encounters an unrecoverable fault,@medina/organism-runtime-sdk / @medina/engineering-sdk,AL-005 / AL-040,active
TOOL-262,DYNAMIC-ANALYSIS-FORGE,Dynamic Analysis,Forge,Execute dynamic runtime analysis to detect memory leaks and race conditions in running services,organism.engineering.read,Build Ring,INTERNAL_SOVEREIGN,1.0.0,intelligence-wire/dynamic-analysis-forge,sovereign,critical,120,2,Returns analysis result with findings summary and actionable recommendations,Returns error if source artifacts are unavailable or analysis engine encounters an unrecoverable fault,@medina/organism-runtime-sdk / @medina/engineering-sdk,AL-005 / AL-040,active
TOOL-263,REFACTORING-ENGINE-FORGE,Refactoring Engine,Forge,Automate code refactoring transformations while preserving semantic equivalence,organism.engineering.write,Build Ring,INTERNAL_SOVEREIGN,1.0.0,intelligence-wire/sovereign-inference,metered,standard,150,2,Returns analysis result with findings summary and actionable recommendations,Returns error if source artifacts are unavailable or analysis engine encounters an unrecoverable fault,@medina/ai-model-engines / @medina/sovereign-inference-core,AL-005 / AL-019,active
TOOL-264,DEPENDENCY-RESOLUTION-FORGE,Dependency Resolution,Forge,Resolve and validate dependency graphs ensuring version compatibility and license compliance,organism.engineering.read,Build Ring,INTERNAL_SOVEREIGN,1.0.0,intelligence-wire/sovereign-inference,metered,standard,90,1,Returns analysis result with findings summary and actionable recommendations,Returns error if source artifacts are unavailable or analysis engine encounters an unrecoverable fault,@medina/ai-model-engines / @medina/sovereign-inference-core,AL-005 / AL-040,active
TOOL-265,API-DESIGN-VALIDATOR-FORGE,API Design Validator,Forge,Validate API designs against organism interface contracts and backwards compatibility rules,organism.engineering.read,Interface Ring,INTERNAL_SOVEREIGN,1.0.0,intelligence-wire/sovereign-inference,metered,standard,60,1,Returns analysis result with findings summary and actionable recommendations,Returns error if source artifacts are unavailable or analysis engine encounters an unrecoverable fault,@medina/ai-model-engines / @medina/sovereign-inference-core,AL-005 / AL-014,active
TOOL-266,DB-MIGRATION-PLANNER-FORGE,DB Migration Planner,Forge,Plan and validate database schema migrations with rollback safety analysis,organism.engineering.write,Memory Ring,INTERNAL_SOVEREIGN,1.0.0,intelligence-wire/db-migration-planner-forge,sovereign,critical,100,2,Returns analysis result with findings summary and actionable recommendations,Returns error if source artifacts are unavailable or analysis engine encounters an unrecoverable fault,@medina/organism-runtime-sdk / @medina/engineering-sdk,AL-005 / AL-020,active
TOOL-267,LOG-ANALYSIS-FORGE,Log Analysis,Forge,Analyze structured and unstructured logs to extract patterns and anomaly signals,organism.engineering.read,Transport Ring,INTERNAL_SOVEREIGN,1.0.0,intelligence-wire/sovereign-inference,metered,standard,80,1,Returns analysis result with findings summary and actionable recommendations,Returns error if source artifacts are unavailable or analysis engine encounters an unrecoverable fault,@medina/ai-model-engines / @medina/sovereign-inference-core,AL-005 / AL-014,active
TOOL-268,SECURITY-AUDIT-FORGE,Security Audit,Forge,Perform comprehensive security audits across codebases detecting vulnerabilities and misconfigurations,organism.security.read,Counsel Ring,INTERNAL_SOVEREIGN,1.0.0,intelligence-wire/security-audit-forge,sovereign,critical,180,3,Returns analysis result with findings summary and actionable recommendations,Returns error if source artifacts are unavailable or analysis engine encounters an unrecoverable fault,@medina/organism-runtime-sdk / @medina/engineering-sdk,AL-010 / AL-011 / AL-058,active
TOOL-269,PERFORMANCE-REGRESSION-FORGE,Performance Regression,Forge,Detect performance regressions by comparing benchmark baselines against current measurements,organism.engineering.read,Proof Ring,INTERNAL_SOVEREIGN,1.0.0,intelligence-wire/sovereign-inference,metered,standard,140,2,Returns analysis result with findings summary and actionable recommendations,Returns error if source artifacts are unavailable or analysis engine encounters an unrecoverable fault,@medina/ai-model-engines / @medina/sovereign-inference-core,AL-005 / AL-019,active
TOOL-270,CODE-GENERATION-FORGE,Code Generation,Forge,Generate boilerplate and scaffolding code from high-level specifications and templates,organism.engineering.write,Build Ring,PUBLIC_METERED,1.0.0,intelligence-wire/code-generation-forge,metered,standard,100,2,Returns analysis result with findings summary and actionable recommendations,Returns error if source artifacts are unavailable or analysis engine encounters an unrecoverable fault,@medina/organism-runtime-sdk / @medina/engineering-sdk,AL-005 / AL-035,active
TOOL-271,MERGE-CONFLICT-RESOLUTION-FORGE,Merge Conflict Resolution,Forge,Automatically resolve merge conflicts using semantic understanding of code changes,organism.engineering.write,Build Ring,INTERNAL_SOVEREIGN,1.0.0,intelligence-wire/sovereign-inference,metered,standard,70,1,Returns analysis result with findings summary and actionable recommendations,Returns error if source artifacts are unavailable or analysis engine encounters an unrecoverable fault,@medina/ai-model-engines / @medina/sovereign-inference-core,AL-005 / AL-019,active
TOOL-272,DOCUMENTATION-SYNC-FORGE,Documentation Sync,Forge,Synchronize documentation with source code changes ensuring accuracy and completeness,organism.engineering.write,Interface Ring,INTERNAL_SOVEREIGN,1.0.0,intelligence-wire/sovereign-inference,metered,basic,60,1,Returns analysis result with findings summary and actionable recommendations,Returns error if source artifacts are unavailable or analysis engine encounters an unrecoverable fault,@medina/ai-model-engines / @medina/sovereign-inference-core,AL-005 / AL-040,active
TOOL-273,ERROR-RECOVERY-FORGE,Error Recovery,Forge,Analyze runtime errors and suggest automated recovery strategies with root cause identification,organism.engineering.read,Sovereign Ring,INTERNAL_SOVEREIGN,1.0.0,intelligence-wire/error-recovery-forge,sovereign,critical,50,1,Returns analysis result with findings summary and actionable recommendations,Returns error if source artifacts are unavailable or analysis engine encounters an unrecoverable fault,@medina/organism-runtime-sdk / @medina/engineering-sdk,AL-005 / AL-006,active
TOOL-274,TEST-MUTATION-FORGE,Test Mutation,Forge,Apply mutation testing to evaluate test suite effectiveness and identify weak test coverage,organism.engineering.read,Proof Ring,INTERNAL_SOVEREIGN,1.0.0,intelligence-wire/sovereign-inference,metered,standard,160,2,Returns analysis result with findings summary and actionable recommendations,Returns error if source artifacts are unavailable or analysis engine encounters an unrecoverable fault,@medina/ai-model-engines / @medina/sovereign-inference-core,AL-005 / AL-019,active
TOOL-275,CODE-COVERAGE-FORGE,Code Coverage,Forge,Measure and report code coverage metrics with gap analysis and trend tracking,organism.engineering.read,Proof Ring,INTERNAL_SOVEREIGN,1.0.0,intelligence-wire/sovereign-inference,metered,standard,90,1,Returns analysis result with findings summary and actionable recommendations,Returns error if source artifacts are unavailable or analysis engine encounters an unrecoverable fault,@medina/ai-model-engines / @medina/sovereign-inference-core,AL-005 / AL-019,active
TOOL-276,ARCHITECTURE-FITNESS-FORGE,Architecture Fitness,Forge,Evaluate architecture fitness functions to ensure structural integrity and design compliance,organism.engineering.read,Geometry Ring,INTERNAL_SOVEREIGN,1.0.0,intelligence-wire/architecture-fitness-forge,sovereign,critical,110,2,Returns analysis result with findings summary and actionable recommendations,Returns error if source artifacts are unavailable or analysis engine encounters an unrecoverable fault,@medina/organism-runtime-sdk / @medina/engineering-sdk,AL-005 / AL-035,active
TOOL-277,TECHNICAL-DEBT-FORGE,Technical Debt,Forge,Quantify and prioritize technical debt items with impact scoring and remediation planning,organism.engineering.read,Counsel Ring,INTERNAL_SOVEREIGN,1.0.0,intelligence-wire/sovereign-inference,metered,standard,100,1,Returns analysis result with findings summary and actionable recommendations,Returns error if source artifacts are unavailable or analysis engine encounters an unrecoverable fault,@medina/ai-model-engines / @medina/sovereign-inference-core,AL-005 / AL-040,active
TOOL-278,RELEASE-GATING-FORGE,Release Gating,Forge,Enforce release quality gates with automated go/no-go decision evaluation,organism.engineering.read,Build Ring,INTERNAL_SOVEREIGN,1.0.0,intelligence-wire/release-gating-forge,sovereign,critical,40,1,Returns analysis result with findings summary and actionable recommendations,Returns error if source artifacts are unavailable or analysis engine encounters an unrecoverable fault,@medina/organism-runtime-sdk / @medina/engineering-sdk,AL-005 / AL-040 / AL-058,active
TOOL-279,INCIDENT-POSTMORTEM-FORGE,Incident Postmortem,Forge,Generate structured incident postmortem reports with timeline reconstruction and action items,organism.engineering.read,Counsel Ring,INTERNAL_SOVEREIGN,1.0.0,intelligence-wire/sovereign-inference,metered,standard,80,1,Returns analysis result with findings summary and actionable recommendations,Returns error if source artifacts are unavailable or analysis engine encounters an unrecoverable fault,@medina/ai-model-engines / @medina/sovereign-inference-core,AL-005 / AL-040,active
TOOL-280,DEVSECOPS-PIPELINE-FORGE,DevSecOps Pipeline,Forge,Orchestrate integrated DevSecOps pipeline stages with security checks at every phase,organism.engineering.write,Build Ring,INTERNAL_SOVEREIGN,1.0.0,intelligence-wire/devsecops-pipeline-forge,sovereign,critical,200,3,Returns analysis result with findings summary and actionable recommendations,Returns error if source artifacts are unavailable or analysis engine encounters an unrecoverable fault,@medina/organism-runtime-sdk / @medina/engineering-sdk,AL-005 / AL-010 / AL-058,active
TOOL-281,SPIKING-NEURAL-RELAY-NEURON,Spiking Neural Relay,Neuron,Route signals through spiking neural network pathways with temporal coding fidelity,organism.compute.write,Transport Ring,INTERNAL_SOVEREIGN,1.0.0,intelligence-wire/spiking-neural-relay-neuron,sovereign,critical,30,1,Returns neural computation result with activation state and propagation metrics,Returns error if neural substrate is unreachable or computation exceeds resource bounds,@medina/organism-runtime-sdk / @medina/neuromorphic-sdk,AL-019 / AL-035,active
TOOL-282,DENDRITIC-COMPUTATION-NEURON,Dendritic Computation,Neuron,Perform local dendritic computations for nonlinear feature integration at the synapse level,organism.compute.write,Geometry Ring,INTERNAL_SOVEREIGN,1.0.0,intelligence-wire/dendritic-computation-neuron,sovereign,critical,40,1,Returns neural computation result with activation state and propagation metrics,Returns error if neural substrate is unreachable or computation exceeds resource bounds,@medina/organism-runtime-sdk / @medina/neuromorphic-sdk,AL-019 / AL-035,active
TOOL-283,GLIAL-SUPPORT-NEURON,Glial Support,Neuron,Provide metabolic support and signal modulation through glial network simulation,organism.compute.read,Sovereign Ring,INTERNAL_SOVEREIGN,1.0.0,intelligence-wire/glial-support-neuron,sovereign,standard,50,1,Returns neural computation result with activation state and propagation metrics,Returns error if neural substrate is unreachable or computation exceeds resource bounds,@medina/organism-runtime-sdk / @medina/neuromorphic-sdk,AL-006 / AL-019,active
TOOL-284,NEUROMODULATORY-BROADCAST-NEURON,Neuromodulatory Broadcast,Neuron,Broadcast neuromodulatory signals to adjust global network excitability and learning rates,organism.compute.write,Sovereign Ring,INTERNAL_SOVEREIGN,1.0.0,intelligence-wire/neuromodulatory-broadcast-neuron,sovereign,critical,20,1,Returns neural computation result with activation state and propagation metrics,Returns error if neural substrate is unreachable or computation exceeds resource bounds,@medina/organism-runtime-sdk / @medina/neuromorphic-sdk,AL-019 / AL-035,active
TOOL-285,CORTICAL-COLUMN-MAPPING-NEURON,Cortical Column Mapping,Neuron,Map and simulate cortical column hierarchies for structured pattern recognition,organism.compute.read,Geometry Ring,INTERNAL_SOVEREIGN,1.0.0,intelligence-wire/cortical-column-mapping-neuron,sovereign,standard,80,2,Returns neural computation result with activation state and propagation metrics,Returns error if neural substrate is unreachable or computation exceeds resource bounds,@medina/organism-runtime-sdk / @medina/neuromorphic-sdk,AL-019 / AL-035,active
TOOL-286,CEREBELLAR-TIMING-NEURON,Cerebellar Timing,Neuron,Provide precise temporal coordination using cerebellar timing circuit emulation,organism.compute.write,Sovereign Ring,INTERNAL_SOVEREIGN,1.0.0,intelligence-wire/cerebellar-timing-neuron,sovereign,critical,25,1,Returns neural computation result with activation state and propagation metrics,Returns error if neural substrate is unreachable or computation exceeds resource bounds,@medina/organism-runtime-sdk / @medina/neuromorphic-sdk,AL-019 / AL-035,active
TOOL-287,HIPPOCAMPAL-REPLAY-NEURON,Hippocampal Replay,Neuron,Replay stored episodic sequences for memory consolidation and predictive planning,organism.compute.read,Memory Ring,INTERNAL_SOVEREIGN,1.0.0,intelligence-wire/hippocampal-replay-neuron,sovereign,critical,60,2,Returns neural computation result with activation state and propagation metrics,Returns error if neural substrate is unreachable or computation exceeds resource bounds,@medina/organism-runtime-sdk / @medina/neuromorphic-sdk,AL-019 / AL-020,active
TOOL-288,SYNAPTIC-PLASTICITY-NEURON,Synaptic Plasticity,Neuron,Adjust synaptic weights using Hebbian and STDP learning rules for online adaptation,organism.compute.write,Memory Ring,INTERNAL_SOVEREIGN,1.0.0,intelligence-wire/synaptic-plasticity-neuron,sovereign,critical,35,1,Returns neural computation result with activation state and propagation metrics,Returns error if neural substrate is unreachable or computation exceeds resource bounds,@medina/organism-runtime-sdk / @medina/neuromorphic-sdk,AL-019 / AL-035,active
TOOL-289,NEURAL-OSCILLATION-SYNC-NEURON,Neural Oscillation Sync,Neuron,Synchronize neural oscillation bands across distributed compute nodes for coherent processing,organism.compute.write,Transport Ring,INTERNAL_SOVEREIGN,1.0.0,intelligence-wire/neural-oscillation-sync-neuron,sovereign,critical,30,1,Returns neural computation result with activation state and propagation metrics,Returns error if neural substrate is unreachable or computation exceeds resource bounds,@medina/organism-runtime-sdk / @medina/neuromorphic-sdk,AL-019 / AL-035,active
TOOL-290,SPARSE-CODING-ENGINE-NEURON,Sparse Coding Engine,Neuron,Encode information using sparse distributed representations for efficient neural storage,organism.compute.write,Memory Ring,INTERNAL_SOVEREIGN,1.0.0,intelligence-wire/sparse-coding-engine-neuron,sovereign,standard,45,1,Returns neural computation result with activation state and propagation metrics,Returns error if neural substrate is unreachable or computation exceeds resource bounds,@medina/organism-runtime-sdk / @medina/neuromorphic-sdk,AL-019 / AL-020,active
TOOL-291,PREDICTIVE-CODING-NEURON,Predictive Coding,Neuron,Implement hierarchical predictive coding with prediction error minimization across layers,organism.compute.read,Geometry Ring,INTERNAL_SOVEREIGN,1.0.0,intelligence-wire/predictive-coding-neuron,sovereign,standard,55,1,Returns neural computation result with activation state and propagation metrics,Returns error if neural substrate is unreachable or computation exceeds resource bounds,@medina/organism-runtime-sdk / @medina/neuromorphic-sdk,AL-019 / AL-035,active
TOOL-292,ATTENTION-GATING-NEURON,Attention Gating,Neuron,Gate information flow through selective attention mechanisms with priority scheduling,organism.compute.write,Transport Ring,INTERNAL_SOVEREIGN,1.0.0,intelligence-wire/attention-gating-neuron,sovereign,critical,20,1,Returns neural computation result with activation state and propagation metrics,Returns error if neural substrate is unreachable or computation exceeds resource bounds,@medina/organism-runtime-sdk / @medina/neuromorphic-sdk,AL-019 / AL-035,active
TOOL-293,REWARD-SIGNAL-PROPAGATION-NEURON,Reward Signal Propagation,Neuron,Propagate reward and error signals for reinforcement-based learning across neural pathways,organism.compute.write,Sovereign Ring,INTERNAL_SOVEREIGN,1.0.0,intelligence-wire/reward-signal-propagation-neuron,sovereign,critical,30,1,Returns neural computation result with activation state and propagation metrics,Returns error if neural substrate is unreachable or computation exceeds resource bounds,@medina/organism-runtime-sdk / @medina/neuromorphic-sdk,AL-019 / AL-035,active
TOOL-294,NEURAL-TOPOLOGY-OPTIMIZER-NEURON,Neural Topology Optimizer,Neuron,Optimize neural network topology through pruning and growth for computational efficiency,organism.compute.write,Geometry Ring,INTERNAL_SOVEREIGN,1.0.0,intelligence-wire/neural-topology-optimizer-neuron,sovereign,standard,100,2,Returns neural computation result with activation state and propagation metrics,Returns error if neural substrate is unreachable or computation exceeds resource bounds,@medina/organism-runtime-sdk / @medina/neuromorphic-sdk,AL-019 / AL-035,active
TOOL-295,WORKING-MEMORY-BUFFER-NEURON,Working Memory Buffer,Neuron,Maintain and manipulate active representations in a capacity-limited working memory store,organism.compute.write,Memory Ring,INTERNAL_SOVEREIGN,1.0.0,intelligence-wire/working-memory-buffer-neuron,sovereign,critical,25,1,Returns neural computation result with activation state and propagation metrics,Returns error if neural substrate is unreachable or computation exceeds resource bounds,@medina/organism-runtime-sdk / @medina/neuromorphic-sdk,AL-019 / AL-020,active
TOOL-296,LATERAL-INHIBITION-NEURON,Lateral Inhibition,Neuron,Apply lateral inhibition patterns to sharpen signal contrast and reduce redundant activation,organism.compute.write,Geometry Ring,INTERNAL_SOVEREIGN,1.0.0,intelligence-wire/lateral-inhibition-neuron,sovereign,standard,20,0,Returns neural computation result with activation state and propagation metrics,Returns error if neural substrate is unreachable or computation exceeds resource bounds,@medina/organism-runtime-sdk / @medina/neuromorphic-sdk,AL-019 / AL-035,active
TOOL-297,BASAL-GANGLIA-SELECTOR-NEURON,Basal Ganglia Selector,Neuron,Select actions through basal ganglia go/no-go pathway competition and threshold evaluation,organism.compute.write,Sovereign Ring,INTERNAL_SOVEREIGN,1.0.0,intelligence-wire/basal-ganglia-selector-neuron,sovereign,critical,35,1,Returns neural computation result with activation state and propagation metrics,Returns error if neural substrate is unreachable or computation exceeds resource bounds,@medina/organism-runtime-sdk / @medina/neuromorphic-sdk,AL-019 / AL-035,active
TOOL-298,THALAMIC-RELAY-NEURON,Thalamic Relay,Neuron,Route and filter sensory signals through thalamic relay nuclei with attentional modulation,organism.compute.write,Transport Ring,INTERNAL_SOVEREIGN,1.0.0,intelligence-wire/thalamic-relay-neuron,sovereign,critical,20,0,Returns neural computation result with activation state and propagation metrics,Returns error if neural substrate is unreachable or computation exceeds resource bounds,@medina/organism-runtime-sdk / @medina/neuromorphic-sdk,AL-019 / AL-035,active
TOOL-299,NEUROGENESIS-CONTROLLER-NEURON,Neurogenesis Controller,Neuron,Control the creation and integration of new neural units into existing network architectures,organism.compute.write,Geometry Ring,INTERNAL_SOVEREIGN,1.0.0,intelligence-wire/neurogenesis-controller-neuron,sovereign,critical,80,2,Returns neural computation result with activation state and propagation metrics,Returns error if neural substrate is unreachable or computation exceeds resource bounds,@medina/organism-runtime-sdk / @medina/neuromorphic-sdk,AL-019 / AL-035,active
TOOL-300,CONNECTOME-ANALYZER-NEURON,Connectome Analyzer,Neuron,Analyze full connectome graphs to identify critical pathways and structural vulnerabilities,organism.compute.read,Geometry Ring,INTERNAL_SOVEREIGN,1.0.0,intelligence-wire/connectome-analyzer-neuron,sovereign,standard,150,2,Returns neural computation result with activation state and propagation metrics,Returns error if neural substrate is unreachable or computation exceeds resource bounds,@medina/organism-runtime-sdk / @medina/neuromorphic-sdk,AL-019 / AL-035,active
TOOL-301,REPUTATION-SCORING-AGENT,Reputation Scoring,Agent,Compute and maintain trust reputation scores for agents based on interaction history,organism.agent.read,Counsel Ring,INTERNAL_SOVEREIGN,1.0.0,intelligence-wire/sovereign-comms,metered,standard,60,1,Returns agent operation result with status confirmation and affected entity details,Returns error if target agent is unresponsive or operation violates safety constraints,@medina/organism-runtime-sdk / @medina/sovereign-communication-hub,AL-010 / AL-040,active
TOOL-302,EXPLANATION-GENERATOR-AGENT,Explanation Generator,Agent,Generate human-readable explanations for agent decisions and reasoning chains,organism.agent.read,Interface Ring,PUBLIC_METERED,1.0.0,intelligence-wire/explanation-generator-agent,metered,standard,80,1,Returns agent operation result with status confirmation and affected entity details,Returns error if target agent is unresponsive or operation violates safety constraints,@medina/organism-runtime-sdk / @medina/agent-sdk,AL-005 / AL-040,active
TOOL-303,ARBITRATION-ENGINE-AGENT,Arbitration Engine,Agent,Arbitrate disputes between competing agents using predefined fairness policies,organism.agent.write,Counsel Ring,INTERNAL_SOVEREIGN,1.0.0,intelligence-wire/arbitration-engine-agent,sovereign,critical,100,2,Returns agent operation result with status confirmation and affected entity details,Returns error if target agent is unresponsive or operation violates safety constraints,@medina/organism-runtime-sdk / @medina/agent-sdk,AL-010 / AL-040,active
TOOL-304,SWARM-COORDINATOR-AGENT,Swarm Coordinator,Agent,Coordinate swarm behavior across distributed agent groups with emergent goal alignment,organism.agent.write,Transport Ring,INTERNAL_SOVEREIGN,1.0.0,intelligence-wire/swarm-coordinator-agent,sovereign,critical,70,2,Returns agent operation result with status confirmation and affected entity details,Returns error if target agent is unresponsive or operation violates safety constraints,@medina/organism-runtime-sdk / @medina/agent-sdk,AL-019 / AL-035,active
TOOL-305,MEMORY-SHARING-AGENT,Memory Sharing,Agent,Enable secure shared memory access between cooperating agents with conflict resolution,organism.agent.write,Memory Ring,INTERNAL_SOVEREIGN,1.0.0,intelligence-wire/memory-sharing-agent,sovereign,critical,50,1,Returns agent operation result with status confirmation and affected entity details,Returns error if target agent is unresponsive or operation violates safety constraints,@medina/organism-runtime-sdk / @medina/agent-sdk,AL-020 / AL-010,active
TOOL-306,GOAL-ALIGNMENT-AGENT,Goal Alignment,Agent,Verify and enforce alignment between agent goals and organism-level objectives,organism.agent.read,Sovereign Ring,INTERNAL_SOVEREIGN,1.0.0,intelligence-wire/goal-alignment-agent,sovereign,critical,40,1,Returns agent operation result with status confirmation and affected entity details,Returns error if target agent is unresponsive or operation violates safety constraints,@medina/organism-runtime-sdk / @medina/agent-sdk,AL-005 / AL-006,active
TOOL-307,ADVERSARIAL-TESTING-AGENT,Adversarial Testing,Agent,Execute adversarial test scenarios against agents to evaluate robustness and safety bounds,organism.agent.read,Proof Ring,INTERNAL_SOVEREIGN,1.0.0,intelligence-wire/adversarial-testing-agent,sovereign,critical,120,2,Returns agent operation result with status confirmation and affected entity details,Returns error if target agent is unresponsive or operation violates safety constraints,@medina/organism-runtime-sdk / @medina/agent-sdk,AL-010 / AL-011,active
TOOL-308,MULTI-AGENT-NEGOTIATION-AGENT,Multi-Agent Negotiation,Agent,Facilitate structured negotiation protocols between agents to reach cooperative agreements,organism.agent.write,Counsel Ring,INTERNAL_SOVEREIGN,1.0.0,intelligence-wire/sovereign-comms,metered,standard,90,2,Returns agent operation result with status confirmation and affected entity details,Returns error if target agent is unresponsive or operation violates safety constraints,@medina/organism-runtime-sdk / @medina/sovereign-communication-hub,AL-005 / AL-040,active
TOOL-309,AGENT-CONSENSUS-AGENT,Agent Consensus,Agent,Drive distributed consensus among agent collectives using Byzantine-tolerant protocols,organism.agent.write,Sovereign Ring,INTERNAL_SOVEREIGN,1.0.0,intelligence-wire/agent-consensus-agent,sovereign,critical,80,2,Returns agent operation result with status confirmation and affected entity details,Returns error if target agent is unresponsive or operation violates safety constraints,@medina/organism-runtime-sdk / @medina/agent-sdk,AL-019 / AL-035,active
TOOL-310,AGENT-SPECIALIZATION-AGENT,Agent Specialization,Agent,Dynamically assign agent specialization roles based on task requirements and capabilities,organism.agent.write,Geometry Ring,INTERNAL_SOVEREIGN,1.0.0,intelligence-wire/sovereign-comms,metered,standard,60,1,Returns agent operation result with status confirmation and affected entity details,Returns error if target agent is unresponsive or operation violates safety constraints,@medina/organism-runtime-sdk / @medina/sovereign-communication-hub,AL-005 / AL-035,active
TOOL-311,AGENT-TEACHING-AGENT,Agent Teaching,Agent,Enable knowledge transfer between experienced and novice agents through guided interaction,organism.agent.write,Interface Ring,INTERNAL_SOVEREIGN,1.0.0,intelligence-wire/sovereign-comms,metered,standard,70,1,Returns agent operation result with status confirmation and affected entity details,Returns error if target agent is unresponsive or operation violates safety constraints,@medina/organism-runtime-sdk / @medina/sovereign-communication-hub,AL-005 / AL-040,active
TOOL-312,AGENT-AUCTION-AGENT,Agent Auction,Agent,Run auction mechanisms for agent resource allocation with strategy-proof bidding rules,organism.agent.write,Counsel Ring,INTERNAL_SOVEREIGN,1.0.0,intelligence-wire/sovereign-comms,metered,standard,50,1,Returns agent operation result with status confirmation and affected entity details,Returns error if target agent is unresponsive or operation violates safety constraints,@medina/organism-runtime-sdk / @medina/sovereign-communication-hub,AL-005 / AL-040,active
TOOL-313,COALITION-FORMATION-AGENT,Coalition Formation,Agent,Form and dissolve agent coalitions dynamically based on complementary capability matching,organism.agent.write,Geometry Ring,INTERNAL_SOVEREIGN,1.0.0,intelligence-wire/sovereign-comms,metered,standard,80,2,Returns agent operation result with status confirmation and affected entity details,Returns error if target agent is unresponsive or operation violates safety constraints,@medina/organism-runtime-sdk / @medina/sovereign-communication-hub,AL-005 / AL-035,active
TOOL-314,AGENT-LIFECYCLE-MANAGER-AGENT,Agent Lifecycle Manager,Agent,Manage complete agent lifecycle including creation provisioning and graceful decommission,organism.agent.write,Sovereign Ring,INTERNAL_SOVEREIGN,1.0.0,intelligence-wire/agent-lifecycle-manager-agent,sovereign,critical,40,1,Returns agent operation result with status confirmation and affected entity details,Returns error if target agent is unresponsive or operation violates safety constraints,@medina/organism-runtime-sdk / @medina/agent-sdk,AL-006 / AL-007,active
TOOL-315,AGENT-HEALTH-MONITOR-AGENT,Agent Health Monitor,Agent,Monitor agent health metrics including responsiveness resource usage and error rates,organism.agent.read,Proof Ring,INTERNAL_SOVEREIGN,1.0.0,intelligence-wire/sovereign-comms,metered,standard,30,0,Returns agent operation result with status confirmation and affected entity details,Returns error if target agent is unresponsive or operation violates safety constraints,@medina/organism-runtime-sdk / @medina/sovereign-communication-hub,AL-005 / AL-019,active
TOOL-316,TASK-DELEGATION-AGENT,Task Delegation,Agent,Delegate tasks to agents based on capability matching and current workload balancing,organism.agent.write,Transport Ring,INTERNAL_SOVEREIGN,1.0.0,intelligence-wire/sovereign-comms,metered,standard,50,1,Returns agent operation result with status confirmation and affected entity details,Returns error if target agent is unresponsive or operation violates safety constraints,@medina/organism-runtime-sdk / @medina/sovereign-communication-hub,AL-005 / AL-035,active
TOOL-317,AGENT-COMMUNICATION-BUS-AGENT,Agent Communication Bus,Agent,Provide structured inter-agent communication with message routing and delivery guarantees,organism.agent.write,Transport Ring,INTERNAL_SOVEREIGN,1.0.0,intelligence-wire/agent-communication-bus-agent,sovereign,critical,20,0,Returns agent operation result with status confirmation and affected entity details,Returns error if target agent is unresponsive or operation violates safety constraints,@medina/organism-runtime-sdk / @medina/agent-sdk,AL-014 / AL-019,active
TOOL-318,AGENT-VERSIONING-AGENT,Agent Versioning,Agent,Manage agent version deployment with rollback capability and compatibility verification,organism.agent.write,Build Ring,INTERNAL_SOVEREIGN,1.0.0,intelligence-wire/agent-versioning-agent,sovereign,standard,60,1,Returns agent operation result with status confirmation and affected entity details,Returns error if target agent is unresponsive or operation violates safety constraints,@medina/organism-runtime-sdk / @medina/agent-sdk,AL-005 / AL-040,active
TOOL-319,INTENT-ANNOTATION-AGENT,Intent Annotation,Agent,Annotate and classify agent intents to enable transparent reasoning audit trails,organism.agent.read,Counsel Ring,INTERNAL_SOVEREIGN,1.0.0,intelligence-wire/sovereign-comms,metered,standard,40,1,Returns agent operation result with status confirmation and affected entity details,Returns error if target agent is unresponsive or operation violates safety constraints,@medina/organism-runtime-sdk / @medina/sovereign-communication-hub,AL-005 / AL-040,active
TOOL-320,AGENT-SANDBOX-AGENT,Agent Sandbox,Agent,Execute untrusted agent code in isolated sandboxes with resource limits and escape detection,organism.agent.write,Proof Ring,INTERNAL_SOVEREIGN,1.0.0,intelligence-wire/agent-sandbox-agent,sovereign,critical,90,2,Returns agent operation result with status confirmation and affected entity details,Returns error if target agent is unresponsive or operation violates safety constraints,@medina/organism-runtime-sdk / @medina/agent-sdk,AL-010 / AL-011 / AL-058,active
TOOL-321,DIFFERENTIAL-PRIVACY-INJECTION-PRIVACY,Differential Privacy Injection,Privacy,Inject calibrated differential privacy noise into query results to protect individual records,organism.analytics.read,Counsel Ring,INTERNAL_SOVEREIGN,1.0.0,intelligence-wire/differential-privacy-injection-privacy,sovereign,critical,60,1,Returns privacy operation result with compliance verification and audit metadata,Returns error if privacy engine is unavailable or operation would exceed privacy budget,@medina/organism-runtime-sdk / @medina/privacy-sdk,AL-010 / AL-011,active
TOOL-322,HOMOMORPHIC-ANALYTICS-PRIVACY,Homomorphic Analytics,Privacy,Perform analytics computations on encrypted data without decryption using homomorphic schemes,organism.analytics.read,Memory Ring,INTERNAL_SOVEREIGN,1.0.0,intelligence-wire/homomorphic-analytics-privacy,sovereign,critical,180,3,Returns privacy operation result with compliance verification and audit metadata,Returns error if privacy engine is unavailable or operation would exceed privacy budget,@medina/organism-runtime-sdk / @medina/privacy-sdk,AL-010 / AL-011 / AL-058,active
TOOL-323,SECURE-MULTI-PARTY-COMPUTATION-PRIVACY,Secure Multi-Party Computation,Privacy,Execute computations across multiple parties without revealing individual private inputs,organism.analytics.read,Sovereign Ring,INTERNAL_SOVEREIGN,1.0.0,intelligence-wire/secure-multi-party-computation-privacy,sovereign,critical,200,3,Returns privacy operation result with compliance verification and audit metadata,Returns error if privacy engine is unavailable or operation would exceed privacy budget,@medina/organism-runtime-sdk / @medina/privacy-sdk,AL-010 / AL-011 / AL-058,active
TOOL-324,PRIVACY-BUDGET-MANAGER-PRIVACY,Privacy Budget Manager,Privacy,Track and enforce cumulative privacy budget consumption across differential privacy queries,organism.analytics.read,Counsel Ring,INTERNAL_SOVEREIGN,1.0.0,intelligence-wire/privacy-budget-manager-privacy,sovereign,critical,30,0,Returns privacy operation result with compliance verification and audit metadata,Returns error if privacy engine is unavailable or operation would exceed privacy budget,@medina/organism-runtime-sdk / @medina/privacy-sdk,AL-010 / AL-011,active
TOOL-325,ANONYMIZATION-VERIFIER-PRIVACY,Anonymization Verifier,Privacy,Verify that anonymization transformations meet k-anonymity and l-diversity requirements,organism.analytics.read,Proof Ring,INTERNAL_SOVEREIGN,1.0.0,intelligence-wire/anonymization-verifier-privacy,sovereign,critical,80,1,Returns privacy operation result with compliance verification and audit metadata,Returns error if privacy engine is unavailable or operation would exceed privacy budget,@medina/organism-runtime-sdk / @medina/privacy-sdk,AL-010 / AL-011,active
TOOL-326,DATA-MINIMIZATION-ENFORCER-PRIVACY,Data Minimization Enforcer,Privacy,Enforce data minimization policies ensuring only necessary data fields are accessed and retained,organism.security.read,Counsel Ring,INTERNAL_SOVEREIGN,1.0.0,intelligence-wire/data-minimization-enforcer-privacy,sovereign,critical,40,0,Returns privacy operation result with compliance verification and audit metadata,Returns error if privacy engine is unavailable or operation would exceed privacy budget,@medina/organism-runtime-sdk / @medina/privacy-sdk,AL-010 / AL-011,active
TOOL-327,CONSENT-TRACKER-PRIVACY,Consent Tracker,Privacy,Track and verify user consent status for data processing operations across jurisdictions,organism.analytics.read,Counsel Ring,INTERNAL_SOVEREIGN,1.0.0,intelligence-wire/consent-tracker-privacy,sovereign,critical,30,0,Returns privacy operation result with compliance verification and audit metadata,Returns error if privacy engine is unavailable or operation would exceed privacy budget,@medina/organism-runtime-sdk / @medina/privacy-sdk,AL-010 / AL-040,active
TOOL-328,SYNTHETIC-DATA-GENERATOR-PRIVACY,Synthetic Data Generator,Privacy,Generate statistically representative synthetic datasets that preserve utility without privacy risk,organism.analytics.write,Build Ring,INTERNAL_SOVEREIGN,1.0.0,intelligence-wire/sovereign-knowledge,metered,standard,150,2,Returns privacy operation result with compliance verification and audit metadata,Returns error if privacy engine is unavailable or operation would exceed privacy budget,@medina/sovereign-memory-sdk / @medina/sovereign-knowledge-engine,AL-010 / AL-011,active
TOOL-329,RE-IDENTIFICATION-RISK-SCORER-PRIVACY,Re-identification Risk Scorer,Privacy,Score the re-identification risk of datasets by evaluating quasi-identifier uniqueness patterns,organism.analytics.read,Proof Ring,INTERNAL_SOVEREIGN,1.0.0,intelligence-wire/re-identification-risk-scorer-privacy,sovereign,critical,100,2,Returns privacy operation result with compliance verification and audit metadata,Returns error if privacy engine is unavailable or operation would exceed privacy budget,@medina/organism-runtime-sdk / @medina/privacy-sdk,AL-010 / AL-011,active
TOOL-330,DATA-SUBJECT-ACCESS-PRIVACY,Data Subject Access,Privacy,Fulfill data subject access requests by locating and compiling all personal data holdings,organism.analytics.read,Counsel Ring,INTERNAL_SOVEREIGN,1.0.0,intelligence-wire/sovereign-knowledge,metered,standard,120,2,Returns privacy operation result with compliance verification and audit metadata,Returns error if privacy engine is unavailable or operation would exceed privacy budget,@medina/sovereign-memory-sdk / @medina/sovereign-knowledge-engine,AL-010 / AL-040,active
TOOL-331,RIGHT-TO-ERASURE-PRIVACY,Right to Erasure,Privacy,Execute right-to-erasure workflows ensuring complete removal of personal data across all stores,organism.analytics.write,Memory Ring,INTERNAL_SOVEREIGN,1.0.0,intelligence-wire/right-to-erasure-privacy,sovereign,critical,100,2,Returns privacy operation result with compliance verification and audit metadata,Returns error if privacy engine is unavailable or operation would exceed privacy budget,@medina/organism-runtime-sdk / @medina/privacy-sdk,AL-010 / AL-011 / AL-020,active
TOOL-332,PRIVACY-IMPACT-ASSESSOR-PRIVACY,Privacy Impact Assessor,Privacy,Conduct automated privacy impact assessments for new data processing activities,organism.analytics.read,Counsel Ring,INTERNAL_SOVEREIGN,1.0.0,intelligence-wire/privacy-impact-assessor-privacy,sovereign,critical,90,1,Returns privacy operation result with compliance verification and audit metadata,Returns error if privacy engine is unavailable or operation would exceed privacy budget,@medina/organism-runtime-sdk / @medina/privacy-sdk,AL-010 / AL-040,active
TOOL-333,CROSS-BORDER-TRANSFER-VALIDATOR-PRIVACY,Cross-Border Transfer Validator,Privacy,Validate cross-border data transfers against jurisdictional adequacy and safeguard requirements,organism.security.read,Sovereign Ring,INTERNAL_SOVEREIGN,1.0.0,intelligence-wire/cross-border-transfer-validator-privacy,sovereign,critical,70,1,Returns privacy operation result with compliance verification and audit metadata,Returns error if privacy engine is unavailable or operation would exceed privacy budget,@medina/organism-runtime-sdk / @medina/privacy-sdk,AL-010 / AL-011 / AL-058,active
TOOL-334,FEDERATED-LEARNING-PRIVACY-PRIVACY,Federated Learning Privacy,Privacy,Enforce privacy guarantees in federated learning rounds with gradient clipping and noise addition,organism.analytics.read,Geometry Ring,INTERNAL_SOVEREIGN,1.0.0,intelligence-wire/federated-learning-privacy-privacy,sovereign,critical,140,2,Returns privacy operation result with compliance verification and audit metadata,Returns error if privacy engine is unavailable or operation would exceed privacy budget,@medina/organism-runtime-sdk / @medina/privacy-sdk,AL-010 / AL-011,active
TOOL-335,PURPOSE-LIMITATION-ENFORCER-PRIVACY,Purpose Limitation Enforcer,Privacy,Enforce purpose limitation controls ensuring data is only used for its originally stated purpose,organism.security.read,Counsel Ring,INTERNAL_SOVEREIGN,1.0.0,intelligence-wire/purpose-limitation-enforcer-privacy,sovereign,critical,35,0,Returns privacy operation result with compliance verification and audit metadata,Returns error if privacy engine is unavailable or operation would exceed privacy budget,@medina/organism-runtime-sdk / @medina/privacy-sdk,AL-010 / AL-011,active
TOOL-336,PRIVACY-PRESERVING-QUERY-PRIVACY,Privacy Preserving Query,Privacy,Rewrite and execute queries with privacy-preserving transformations that limit information leakage,organism.analytics.read,Memory Ring,INTERNAL_SOVEREIGN,1.0.0,intelligence-wire/privacy-preserving-query-privacy,sovereign,critical,80,1,Returns privacy operation result with compliance verification and audit metadata,Returns error if privacy engine is unavailable or operation would exceed privacy budget,@medina/organism-runtime-sdk / @medina/privacy-sdk,AL-010 / AL-011,active
TOOL-337,AUDIT-LOG-PRIVACY-FILTER-PRIVACY,Audit Log Privacy Filter,Privacy,Filter audit logs to remove sensitive personal data while preserving forensic investigation value,organism.security.read,Counsel Ring,INTERNAL_SOVEREIGN,1.0.0,intelligence-wire/audit-log-privacy-filter-privacy,sovereign,critical,50,1,Returns privacy operation result with compliance verification and audit metadata,Returns error if privacy engine is unavailable or operation would exceed privacy budget,@medina/organism-runtime-sdk / @medina/privacy-sdk,AL-010 / AL-040,active
TOOL-338,TOKENIZATION-ENGINE-PRIVACY,Tokenization Engine,Privacy,Tokenize sensitive data fields with format-preserving tokens enabling processing without exposure,organism.analytics.write,Memory Ring,INTERNAL_SOVEREIGN,1.0.0,intelligence-wire/tokenization-engine-privacy,sovereign,critical,40,1,Returns privacy operation result with compliance verification and audit metadata,Returns error if privacy engine is unavailable or operation would exceed privacy budget,@medina/organism-runtime-sdk / @medina/privacy-sdk,AL-010 / AL-011,active
TOOL-339,PRIVACY-POLICY-COMPILER-PRIVACY,Privacy Policy Compiler,Privacy,Compile human-readable privacy policies into machine-enforceable access control rules,organism.analytics.read,Counsel Ring,INTERNAL_SOVEREIGN,1.0.0,intelligence-wire/sovereign-knowledge,metered,standard,60,1,Returns privacy operation result with compliance verification and audit metadata,Returns error if privacy engine is unavailable or operation would exceed privacy budget,@medina/sovereign-memory-sdk / @medina/sovereign-knowledge-engine,AL-010 / AL-040,active
TOOL-340,DATA-LINEAGE-PRIVACY-PRIVACY,Data Lineage Privacy,Privacy,Track data lineage with privacy annotations showing transformation and access history per record,organism.analytics.read,Counsel Ring,INTERNAL_SOVEREIGN,1.0.0,intelligence-wire/data-lineage-privacy-privacy,sovereign,critical,70,1,Returns privacy operation result with compliance verification and audit metadata,Returns error if privacy engine is unavailable or operation would exceed privacy budget,@medina/organism-runtime-sdk / @medina/privacy-sdk,AL-010 / AL-011 / AL-040,active
TOOL-341,PREDICTIVE-CACHE-WARMING-CACHE,Predictive Cache Warming,Cache,Preemptively warm caches using predictive models based on historical access patterns,organism.cache.write,Memory Ring,INTERNAL_SOVEREIGN,1.0.0,intelligence-wire/sovereign-infra,metered,standard,40,1,Returns cache operation result with performance metrics and consistency status,Returns error if cache backend is unreachable or consistency guarantees cannot be maintained,@medina/organism-runtime-sdk / @medina/sovereign-infra-engine,AL-019 / AL-020,active
TOOL-342,SEMANTIC-CACHE-INVALIDATION-CACHE,Semantic Cache Invalidation,Cache,Invalidate cache entries based on semantic content changes rather than simple TTL expiration,organism.cache.write,Memory Ring,INTERNAL_SOVEREIGN,1.0.0,intelligence-wire/sovereign-infra,metered,standard,30,1,Returns cache operation result with performance metrics and consistency status,Returns error if cache backend is unreachable or consistency guarantees cannot be maintained,@medina/organism-runtime-sdk / @medina/sovereign-infra-engine,AL-019 / AL-020,active
TOOL-343,HIERARCHICAL-CACHE-TIERING-CACHE,Hierarchical Cache Tiering,Cache,Manage multi-tier cache hierarchies with automatic promotion and demotion between levels,organism.cache.write,Memory Ring,INTERNAL_SOVEREIGN,1.0.0,intelligence-wire/hierarchical-cache-tiering-cache,sovereign,standard,25,1,Returns cache operation result with performance metrics and consistency status,Returns error if cache backend is unreachable or consistency guarantees cannot be maintained,@medina/organism-runtime-sdk / @medina/cache-sdk,AL-019 / AL-020,active
TOOL-344,CACHE-COHERENCE-CONSENSUS-CACHE,Cache Coherence Consensus,Cache,Maintain cache coherence across distributed nodes using lightweight consensus protocols,organism.cache.write,Transport Ring,INTERNAL_SOVEREIGN,1.0.0,intelligence-wire/cache-coherence-consensus-cache,sovereign,critical,35,1,Returns cache operation result with performance metrics and consistency status,Returns error if cache backend is unreachable or consistency guarantees cannot be maintained,@medina/organism-runtime-sdk / @medina/cache-sdk,AL-019 / AL-014,active
TOOL-345,CACHE-HIT-RATE-ANALYZER-CACHE,Cache Hit Rate Analyzer,Cache,Analyze and report cache hit rates with recommendations for configuration optimization,organism.cache.read,Proof Ring,INTERNAL_SOVEREIGN,1.0.0,intelligence-wire/sovereign-infra,metered,standard,20,0,Returns cache operation result with performance metrics and consistency status,Returns error if cache backend is unreachable or consistency guarantees cannot be maintained,@medina/organism-runtime-sdk / @medina/sovereign-infra-engine,AL-005 / AL-019,active
TOOL-346,ADAPTIVE-EVICTION-POLICY-CACHE,Adaptive Eviction Policy,Cache,Select and tune cache eviction policies dynamically based on workload characteristics,organism.cache.write,Memory Ring,INTERNAL_SOVEREIGN,1.0.0,intelligence-wire/sovereign-infra,metered,standard,30,1,Returns cache operation result with performance metrics and consistency status,Returns error if cache backend is unreachable or consistency guarantees cannot be maintained,@medina/organism-runtime-sdk / @medina/sovereign-infra-engine,AL-019 / AL-020,active
TOOL-347,CACHE-PARTITION-MANAGER-CACHE,Cache Partition Manager,Cache,Partition cache space across tenants and workloads with isolation and fairness guarantees,organism.cache.write,Memory Ring,INTERNAL_SOVEREIGN,1.0.0,intelligence-wire/cache-partition-manager-cache,sovereign,standard,40,1,Returns cache operation result with performance metrics and consistency status,Returns error if cache backend is unreachable or consistency guarantees cannot be maintained,@medina/organism-runtime-sdk / @medina/cache-sdk,AL-019 / AL-020,active
TOOL-348,CONTENT-ADDRESSED-CACHE-CACHE,Content-Addressed Cache,Cache,Store and retrieve cache entries using content-addressable hashing for deduplication,organism.cache.write,Memory Ring,INTERNAL_SOVEREIGN,1.0.0,intelligence-wire/sovereign-infra,metered,standard,25,0,Returns cache operation result with performance metrics and consistency status,Returns error if cache backend is unreachable or consistency guarantees cannot be maintained,@medina/organism-runtime-sdk / @medina/sovereign-infra-engine,AL-019 / AL-020,active
TOOL-349,CACHE-COMPRESSION-ENGINE-CACHE,Cache Compression Engine,Cache,Apply adaptive compression to cached entries to maximize effective cache capacity,organism.cache.write,Memory Ring,INTERNAL_SOVEREIGN,1.0.0,intelligence-wire/sovereign-infra,metered,standard,35,1,Returns cache operation result with performance metrics and consistency status,Returns error if cache backend is unreachable or consistency guarantees cannot be maintained,@medina/organism-runtime-sdk / @medina/sovereign-infra-engine,AL-019 / AL-020,active
TOOL-350,WRITE-BEHIND-CACHE-CACHE,Write-Behind Cache,Cache,Buffer write operations in cache with asynchronous persistence to backing stores,organism.cache.write,Memory Ring,INTERNAL_SOVEREIGN,1.0.0,intelligence-wire/write-behind-cache-cache,sovereign,critical,20,1,Returns cache operation result with performance metrics and consistency status,Returns error if cache backend is unreachable or consistency guarantees cannot be maintained,@medina/organism-runtime-sdk / @medina/cache-sdk,AL-019 / AL-020,active
TOOL-351,CACHE-PREFETCH-SCHEDULER-CACHE,Cache Prefetch Scheduler,Cache,Schedule cache prefetch operations based on predicted future access patterns and priorities,organism.cache.write,Memory Ring,INTERNAL_SOVEREIGN,1.0.0,intelligence-wire/sovereign-infra,metered,standard,30,1,Returns cache operation result with performance metrics and consistency status,Returns error if cache backend is unreachable or consistency guarantees cannot be maintained,@medina/organism-runtime-sdk / @medina/sovereign-infra-engine,AL-019 / AL-020,active
TOOL-352,DISTRIBUTED-CACHE-REBALANCER-CACHE,Distributed Cache Rebalancer,Cache,Rebalance cache data distribution across cluster nodes during scaling events,organism.cache.write,Transport Ring,INTERNAL_SOVEREIGN,1.0.0,intelligence-wire/distributed-cache-rebalancer-cache,sovereign,standard,80,2,Returns cache operation result with performance metrics and consistency status,Returns error if cache backend is unreachable or consistency guarantees cannot be maintained,@medina/organism-runtime-sdk / @medina/cache-sdk,AL-019 / AL-014,active
TOOL-353,CACHE-STAMPEDE-GUARD-CACHE,Cache Stampede Guard,Cache,Prevent cache stampede events using probabilistic early expiration and request coalescing,organism.cache.write,Memory Ring,INTERNAL_SOVEREIGN,1.0.0,intelligence-wire/sovereign-infra,metered,standard,20,0,Returns cache operation result with performance metrics and consistency status,Returns error if cache backend is unreachable or consistency guarantees cannot be maintained,@medina/organism-runtime-sdk / @medina/sovereign-infra-engine,AL-019 / AL-020,active
TOOL-354,CACHE-WARMING-SCHEDULER-CACHE,Cache Warming Scheduler,Cache,Schedule periodic full or partial cache warming from authoritative data sources,organism.cache.write,Memory Ring,INTERNAL_SOVEREIGN,1.0.0,intelligence-wire/sovereign-infra,metered,standard,50,1,Returns cache operation result with performance metrics and consistency status,Returns error if cache backend is unreachable or consistency guarantees cannot be maintained,@medina/organism-runtime-sdk / @medina/sovereign-infra-engine,AL-019 / AL-020,active
TOOL-355,NEAR-CACHE-SYNC-CACHE,Near-Cache Sync,Cache,Synchronize near-cache instances with remote cache tiers maintaining consistency guarantees,organism.cache.write,Transport Ring,INTERNAL_SOVEREIGN,1.0.0,intelligence-wire/near-cache-sync-cache,sovereign,standard,25,1,Returns cache operation result with performance metrics and consistency status,Returns error if cache backend is unreachable or consistency guarantees cannot be maintained,@medina/organism-runtime-sdk / @medina/cache-sdk,AL-014 / AL-019,active
TOOL-356,CACHE-METRICS-COLLECTOR-CACHE,Cache Metrics Collector,Cache,Collect and aggregate cache performance metrics for monitoring and capacity planning,organism.cache.read,Proof Ring,INTERNAL_SOVEREIGN,1.0.0,intelligence-wire/sovereign-infra,metered,basic,20,0,Returns cache operation result with performance metrics and consistency status,Returns error if cache backend is unreachable or consistency guarantees cannot be maintained,@medina/organism-runtime-sdk / @medina/sovereign-infra-engine,AL-005 / AL-019,active
TOOL-357,TTL-OPTIMIZER-CACHE,TTL Optimizer,Cache,Optimize time-to-live values for cache entries based on access frequency and staleness tolerance,organism.cache.write,Memory Ring,INTERNAL_SOVEREIGN,1.0.0,intelligence-wire/sovereign-infra,metered,standard,30,1,Returns cache operation result with performance metrics and consistency status,Returns error if cache backend is unreachable or consistency guarantees cannot be maintained,@medina/organism-runtime-sdk / @medina/sovereign-infra-engine,AL-019 / AL-020,active
TOOL-358,CACHE-KEY-NORMALIZER-CACHE,Cache Key Normalizer,Cache,Normalize cache keys to maximize deduplication and prevent key space fragmentation,organism.cache.write,Memory Ring,INTERNAL_SOVEREIGN,1.0.0,intelligence-wire/sovereign-infra,metered,basic,20,0,Returns cache operation result with performance metrics and consistency status,Returns error if cache backend is unreachable or consistency guarantees cannot be maintained,@medina/organism-runtime-sdk / @medina/sovereign-infra-engine,AL-019 / AL-020,active
TOOL-359,GEO-REPLICATED-CACHE-CACHE,Geo-Replicated Cache,Cache,Replicate cache entries across geographic regions with tunable consistency and latency trade-offs,organism.cache.write,Transport Ring,INTERNAL_SOVEREIGN,1.0.0,intelligence-wire/geo-replicated-cache-cache,sovereign,critical,60,2,Returns cache operation result with performance metrics and consistency status,Returns error if cache backend is unreachable or consistency guarantees cannot be maintained,@medina/organism-runtime-sdk / @medina/cache-sdk,AL-014 / AL-019,active
TOOL-360,CACHE-ACCESS-AUDITOR-CACHE,Cache Access Auditor,Cache,Audit cache access patterns for security anomalies and unauthorized data retrieval attempts,organism.cache.read,Counsel Ring,INTERNAL_SOVEREIGN,1.0.0,intelligence-wire/cache-access-auditor-cache,sovereign,critical,40,1,Returns cache operation result with performance metrics and consistency status,Returns error if cache backend is unreachable or consistency guarantees cannot be maintained,@medina/organism-runtime-sdk / @medina/cache-sdk,AL-010 / AL-019,active
TOOL-361,RESOURCE-ISOLATION-TENANT,Resource Isolation,Tenant,Enforce resource isolation boundaries between tenants preventing noisy-neighbor interference,organism.tenant.admin,Sovereign Ring,INTERNAL_SOVEREIGN,1.0.0,intelligence-wire/resource-isolation-tenant,sovereign,critical,30,1,Returns tenant operation result with resource status and compliance verification,Returns error if tenant context is invalid or operation violates isolation boundaries,@medina/organism-runtime-sdk / @medina/enterprise-integration-sdk,AL-010 / AL-011,active
TOOL-362,BLUE-GREEN-DEPLOYMENT-TENANT,Blue-Green Deployment,Tenant,Orchestrate blue-green deployment switches for tenants with zero-downtime traffic cutover,organism.tenant.admin,Build Ring,INTERNAL_SOVEREIGN,1.0.0,intelligence-wire/blue-green-deployment-tenant,sovereign,critical,80,2,Returns tenant operation result with resource status and compliance verification,Returns error if tenant context is invalid or operation violates isolation boundaries,@medina/organism-runtime-sdk / @medina/enterprise-integration-sdk,AL-005 / AL-019,active
TOOL-363,CANARY-ANALYSIS-TENANT,Canary Analysis,Tenant,Analyze canary deployment metrics to determine rollout safety with statistical significance testing,organism.tenant.admin,Proof Ring,INTERNAL_SOVEREIGN,1.0.0,intelligence-wire/canary-analysis-tenant,sovereign,critical,100,2,Returns tenant operation result with resource status and compliance verification,Returns error if tenant context is invalid or operation violates isolation boundaries,@medina/organism-runtime-sdk / @medina/enterprise-integration-sdk,AL-005 / AL-019,active
TOOL-364,FEATURE-FLAG-INTELLIGENCE-TENANT,Feature Flag Intelligence,Tenant,Manage feature flags with intelligent rollout strategies based on tenant segments and risk scores,organism.tenant.admin,Interface Ring,INTERNAL_SOVEREIGN,1.0.0,intelligence-wire/sovereign-knowledge,metered,standard,30,0,Returns tenant operation result with resource status and compliance verification,Returns error if tenant context is invalid or operation violates isolation boundaries,@medina/sovereign-memory-sdk / @medina/sovereign-knowledge-engine,AL-005 / AL-040,active
TOOL-365,TENANT-ONBOARDING-TENANT,Tenant Onboarding,Tenant,Automate tenant onboarding workflows including resource provisioning and configuration templating,organism.tenant.admin,Interface Ring,INTERNAL_SOVEREIGN,1.0.0,intelligence-wire/tenant-onboarding-tenant,sovereign,standard,120,2,Returns tenant operation result with resource status and compliance verification,Returns error if tenant context is invalid or operation violates isolation boundaries,@medina/organism-runtime-sdk / @medina/enterprise-integration-sdk,AL-005 / AL-040,active
TOOL-366,TENANT-USAGE-METERING-TENANT,Tenant Usage Metering,Tenant,Meter and aggregate tenant resource usage for billing and capacity planning purposes,organism.tenant.admin,Proof Ring,INTERNAL_SOVEREIGN,1.0.0,intelligence-wire/tenant-usage-metering-tenant,sovereign,standard,40,1,Returns tenant operation result with resource status and compliance verification,Returns error if tenant context is invalid or operation violates isolation boundaries,@medina/organism-runtime-sdk / @medina/enterprise-integration-sdk,AL-005 / AL-040,active
TOOL-367,TENANT-CONFIGURATION-TENANT,Tenant Configuration,Tenant,Manage per-tenant configuration overrides with inheritance and validation rules,organism.tenant.admin,Interface Ring,INTERNAL_SOVEREIGN,1.0.0,intelligence-wire/sovereign-knowledge,metered,standard,30,0,Returns tenant operation result with resource status and compliance verification,Returns error if tenant context is invalid or operation violates isolation boundaries,@medina/sovereign-memory-sdk / @medina/sovereign-knowledge-engine,AL-005 / AL-040,active
TOOL-368,TENANT-DATA-PARTITIONING-TENANT,Tenant Data Partitioning,Tenant,Partition data storage across tenants with isolation guarantees and migration support,organism.tenant.admin,Memory Ring,INTERNAL_SOVEREIGN,1.0.0,intelligence-wire/tenant-data-partitioning-tenant,sovereign,critical,60,1,Returns tenant operation result with resource status and compliance verification,Returns error if tenant context is invalid or operation violates isolation boundaries,@medina/organism-runtime-sdk / @medina/enterprise-integration-sdk,AL-010 / AL-020,active
TOOL-369,TENANT-SLA-MONITOR-TENANT,Tenant SLA Monitor,Tenant,Monitor per-tenant SLA compliance with automated alerting on degradation and breach events,organism.tenant.admin,Proof Ring,INTERNAL_SOVEREIGN,1.0.0,intelligence-wire/tenant-sla-monitor-tenant,sovereign,critical,30,0,Returns tenant operation result with resource status and compliance verification,Returns error if tenant context is invalid or operation violates isolation boundaries,@medina/organism-runtime-sdk / @medina/enterprise-integration-sdk,AL-005 / AL-019,active
TOOL-370,TENANT-RATE-LIMITER-TENANT,Tenant Rate Limiter,Tenant,Enforce per-tenant rate limits with adaptive throttling based on plan tier and burst allowance,organism.tenant.admin,Transport Ring,INTERNAL_SOVEREIGN,1.0.0,intelligence-wire/tenant-rate-limiter-tenant,sovereign,critical,20,0,Returns tenant operation result with resource status and compliance verification,Returns error if tenant context is invalid or operation violates isolation boundaries,@medina/organism-runtime-sdk / @medina/enterprise-integration-sdk,AL-010 / AL-014,active
TOOL-371,TENANT-QUOTA-MANAGER-TENANT,Tenant Quota Manager,Tenant,Manage tenant resource quotas with usage tracking and overage prevention controls,organism.tenant.admin,Sovereign Ring,INTERNAL_SOVEREIGN,1.0.0,intelligence-wire/tenant-quota-manager-tenant,sovereign,standard,30,0,Returns tenant operation result with resource status and compliance verification,Returns error if tenant context is invalid or operation violates isolation boundaries,@medina/organism-runtime-sdk / @medina/enterprise-integration-sdk,AL-005 / AL-040,active
TOOL-372,TENANT-MIGRATION-TENANT,Tenant Migration,Tenant,Execute live tenant migrations between infrastructure partitions with consistency verification,organism.tenant.admin,Transport Ring,INTERNAL_SOVEREIGN,1.0.0,intelligence-wire/tenant-migration-tenant,sovereign,critical,150,3,Returns tenant operation result with resource status and compliance verification,Returns error if tenant context is invalid or operation violates isolation boundaries,@medina/organism-runtime-sdk / @medina/enterprise-integration-sdk,AL-005 / AL-019 / AL-020,active
TOOL-373,TENANT-BACKUP-ORCHESTRATOR-TENANT,Tenant Backup Orchestrator,Tenant,Orchestrate per-tenant backup schedules with retention policies and restore verification,organism.tenant.admin,Memory Ring,INTERNAL_SOVEREIGN,1.0.0,intelligence-wire/tenant-backup-orchestrator-tenant,sovereign,critical,90,2,Returns tenant operation result with resource status and compliance verification,Returns error if tenant context is invalid or operation violates isolation boundaries,@medina/organism-runtime-sdk / @medina/enterprise-integration-sdk,AL-020 / AL-040,active
TOOL-374,TENANT-ACCESS-CONTROL-TENANT,Tenant Access Control,Tenant,Enforce tenant-scoped access control with cross-tenant access prevention and audit logging,organism.tenant.admin,Counsel Ring,INTERNAL_SOVEREIGN,1.0.0,intelligence-wire/tenant-access-control-tenant,sovereign,critical,25,0,Returns tenant operation result with resource status and compliance verification,Returns error if tenant context is invalid or operation violates isolation boundaries,@medina/organism-runtime-sdk / @medina/enterprise-integration-sdk,AL-010 / AL-011,active
TOOL-375,TENANT-CUSTOM-DOMAIN-TENANT,Tenant Custom Domain,Tenant,Manage tenant custom domain configurations with certificate provisioning and DNS verification,organism.tenant.admin,Interface Ring,INTERNAL_SOVEREIGN,1.0.0,intelligence-wire/sovereign-knowledge,metered,standard,70,1,Returns tenant operation result with resource status and compliance verification,Returns error if tenant context is invalid or operation violates isolation boundaries,@medina/sovereign-memory-sdk / @medina/sovereign-knowledge-engine,AL-005 / AL-014,active
TOOL-376,TENANT-HEALTH-DASHBOARD-TENANT,Tenant Health Dashboard,Tenant,Aggregate per-tenant health metrics into unified dashboards with anomaly highlighting,organism.tenant.admin,Proof Ring,INTERNAL_SOVEREIGN,1.0.0,intelligence-wire/sovereign-knowledge,metered,standard,50,1,Returns tenant operation result with resource status and compliance verification,Returns error if tenant context is invalid or operation violates isolation boundaries,@medina/sovereign-memory-sdk / @medina/sovereign-knowledge-engine,AL-005 / AL-019,active
TOOL-377,TENANT-COMPLIANCE-REPORTER-TENANT,Tenant Compliance Reporter,Tenant,Generate per-tenant compliance reports covering data residency and regulatory requirements,organism.tenant.admin,Counsel Ring,INTERNAL_SOVEREIGN,1.0.0,intelligence-wire/tenant-compliance-reporter-tenant,sovereign,critical,100,2,Returns tenant operation result with resource status and compliance verification,Returns error if tenant context is invalid or operation violates isolation boundaries,@medina/organism-runtime-sdk / @medina/enterprise-integration-sdk,AL-040 / AL-058,active
TOOL-378,TENANT-COST-ALLOCATOR-TENANT,Tenant Cost Allocator,Tenant,Allocate shared infrastructure costs to individual tenants based on usage and resource attribution,organism.tenant.admin,Counsel Ring,INTERNAL_SOVEREIGN,1.0.0,intelligence-wire/tenant-cost-allocator-tenant,sovereign,standard,60,1,Returns tenant operation result with resource status and compliance verification,Returns error if tenant context is invalid or operation violates isolation boundaries,@medina/organism-runtime-sdk / @medina/enterprise-integration-sdk,AL-005 / AL-040,active
TOOL-379,TENANT-DECOMMISSION-TENANT,Tenant Decommission,Tenant,Execute tenant decommission workflows with data archival and resource cleanup verification,organism.tenant.admin,Sovereign Ring,INTERNAL_SOVEREIGN,1.0.0,intelligence-wire/tenant-decommission-tenant,sovereign,critical,120,2,Returns tenant operation result with resource status and compliance verification,Returns error if tenant context is invalid or operation violates isolation boundaries,@medina/organism-runtime-sdk / @medina/enterprise-integration-sdk,AL-010 / AL-020 / AL-040,active
TOOL-380,TENANT-BEHAVIOR-RECOGNITION-TENANT,Tenant Behavior Recognition,Tenant,Detect and classify tenant usage behavior patterns for security and optimization insights,organism.tenant.admin,Proof Ring,INTERNAL_SOVEREIGN,1.0.0,intelligence-wire/tenant-behavior-recognition-tenant,sovereign,standard,80,1,Returns tenant operation result with resource status and compliance verification,Returns error if tenant context is invalid or operation violates isolation boundaries,@medina/organism-runtime-sdk / @medina/enterprise-integration-sdk,AL-005 / AL-010,active
TOOL-381,CHAOS-FAULT-INJECTION-CHAOS,Chaos Fault Injection,Chaos,Inject controlled faults into system components to validate resilience and recovery mechanisms,organism.chaos.write,Proof Ring,INTERNAL_SOVEREIGN,1.0.0,intelligence-wire/chaos-fault-injection-chaos,sovereign,critical,40,1,Returns chaos experiment result with steady-state comparison and impact assessment,Returns error if chaos controller is unavailable or experiment would exceed approved blast radius,@medina/organism-runtime-sdk / @medina/chaos-sdk,AL-005 / AL-006,active
TOOL-382,CHAOS-GAME-DAY-CHAOS,Chaos Game Day,Chaos,Orchestrate full chaos game day exercises with scenario scripting and observability integration,organism.chaos.write,Proof Ring,INTERNAL_SOVEREIGN,1.0.0,intelligence-wire/chaos-game-day-chaos,sovereign,critical,200,3,Returns chaos experiment result with steady-state comparison and impact assessment,Returns error if chaos controller is unavailable or experiment would exceed approved blast radius,@medina/organism-runtime-sdk / @medina/chaos-sdk,AL-005 / AL-006 / AL-040,active
TOOL-383,HORIZONTAL-SCALING-CHAOS,Horizontal Scaling,Chaos,Execute horizontal scaling operations with load redistribution and health verification,organism.chaos.write,Transport Ring,INTERNAL_SOVEREIGN,1.0.0,intelligence-wire/horizontal-scaling-chaos,sovereign,critical,80,2,Returns chaos experiment result with steady-state comparison and impact assessment,Returns error if chaos controller is unavailable or experiment would exceed approved blast radius,@medina/organism-runtime-sdk / @medina/chaos-sdk,AL-019 / AL-014,active
TOOL-384,VERTICAL-SCALING-CHAOS,Vertical Scaling,Chaos,Execute vertical scaling operations with resource reallocation and service continuity validation,organism.chaos.write,Sovereign Ring,INTERNAL_SOVEREIGN,1.0.0,intelligence-wire/vertical-scaling-chaos,sovereign,critical,100,2,Returns chaos experiment result with steady-state comparison and impact assessment,Returns error if chaos controller is unavailable or experiment would exceed approved blast radius,@medina/organism-runtime-sdk / @medina/chaos-sdk,AL-019 / AL-006,active
TOOL-385,ELASTIC-CAPACITY-PLANNING-CHAOS,Elastic Capacity Planning,Chaos,Plan elastic capacity allocations using demand forecasting and cost optimization models,organism.chaos.read,Geometry Ring,INTERNAL_SOVEREIGN,1.0.0,intelligence-wire/sovereign-infra,metered,standard,120,2,Returns chaos experiment result with steady-state comparison and impact assessment,Returns error if chaos controller is unavailable or experiment would exceed approved blast radius,@medina/organism-runtime-sdk / @medina/sovereign-infra-engine,AL-005 / AL-019,active
TOOL-386,ETHICAL-IMPACT-ASSESSMENT-CHAOS,Ethical Impact Assessment,Chaos,Assess ethical impact of system changes with bias detection and fairness metric evaluation,organism.chaos.read,Counsel Ring,INTERNAL_SOVEREIGN,1.0.0,intelligence-wire/sovereign-infra,metered,standard,150,2,Returns chaos experiment result with steady-state comparison and impact assessment,Returns error if chaos controller is unavailable or experiment would exceed approved blast radius,@medina/organism-runtime-sdk / @medina/sovereign-infra-engine,AL-040 / AL-058,active
TOOL-387,REAL-TIME-CONFLICT-RESOLUTION-CHAOS,Real-Time Conflict Resolution,Chaos,Resolve resource and scheduling conflicts in real-time using priority-based arbitration rules,organism.chaos.write,Sovereign Ring,INTERNAL_SOVEREIGN,1.0.0,intelligence-wire/real-time-conflict-resolution-chaos,sovereign,critical,30,1,Returns chaos experiment result with steady-state comparison and impact assessment,Returns error if chaos controller is unavailable or experiment would exceed approved blast radius,@medina/organism-runtime-sdk / @medina/chaos-sdk,AL-005 / AL-006,active
TOOL-388,HYPERPARAMETER-TUNING-CHAOS,Hyperparameter Tuning,Chaos,Automate hyperparameter tuning using Bayesian optimization and early stopping strategies,organism.chaos.write,Geometry Ring,INTERNAL_SOVEREIGN,1.0.0,intelligence-wire/sovereign-infra,metered,standard,180,3,Returns chaos experiment result with steady-state comparison and impact assessment,Returns error if chaos controller is unavailable or experiment would exceed approved blast radius,@medina/organism-runtime-sdk / @medina/sovereign-infra-engine,AL-005 / AL-035,active
TOOL-389,NEURAL-ARCHITECTURE-SEARCH-CHAOS,Neural Architecture Search,Chaos,Search and evaluate neural network architectures using evolutionary and gradient-based methods,organism.chaos.write,Geometry Ring,INTERNAL_SOVEREIGN,1.0.0,intelligence-wire/sovereign-infra,metered,standard,200,3,Returns chaos experiment result with steady-state comparison and impact assessment,Returns error if chaos controller is unavailable or experiment would exceed approved blast radius,@medina/organism-runtime-sdk / @medina/sovereign-infra-engine,AL-005 / AL-035,active
TOOL-390,ROBUST-DIGITAL-PROVENANCE-CHAOS,Robust Digital Provenance,Chaos,Establish and verify digital provenance chains for all organism-generated artifacts and outputs,organism.chaos.read,Counsel Ring,INTERNAL_SOVEREIGN,1.0.0,intelligence-wire/robust-digital-provenance-chaos,sovereign,critical,60,1,Returns chaos experiment result with steady-state comparison and impact assessment,Returns error if chaos controller is unavailable or experiment would exceed approved blast radius,@medina/organism-runtime-sdk / @medina/chaos-sdk,AL-010 / AL-040,active
TOOL-391,WORKLOAD-PREDICTION-CHAOS,Workload Prediction,Chaos,Predict future workload patterns using time-series analysis and seasonal decomposition models,organism.chaos.read,Geometry Ring,INTERNAL_SOVEREIGN,1.0.0,intelligence-wire/sovereign-infra,metered,standard,90,1,Returns chaos experiment result with steady-state comparison and impact assessment,Returns error if chaos controller is unavailable or experiment would exceed approved blast radius,@medina/organism-runtime-sdk / @medina/sovereign-infra-engine,AL-005 / AL-019,active
TOOL-392,TERMINAL-COMMAND-INTELLIGENCE-CHAOS,Terminal Command Intelligence,Chaos,Provide intelligent command suggestions and safety analysis for terminal operations,organism.chaos.read,Interface Ring,PUBLIC_METERED,1.0.0,intelligence-wire/terminal-command-intelligence-chaos,metered,standard,40,1,Returns chaos experiment result with steady-state comparison and impact assessment,Returns error if chaos controller is unavailable or experiment would exceed approved blast radius,@medina/organism-runtime-sdk / @medina/chaos-sdk,AL-005 / AL-010,active
TOOL-393,LATENCY-INJECTION-CHAOS,Latency Injection,Chaos,Inject controlled latency into service calls to test timeout handling and degradation paths,organism.chaos.write,Transport Ring,INTERNAL_SOVEREIGN,1.0.0,intelligence-wire/latency-injection-chaos,sovereign,critical,20,0,Returns chaos experiment result with steady-state comparison and impact assessment,Returns error if chaos controller is unavailable or experiment would exceed approved blast radius,@medina/organism-runtime-sdk / @medina/chaos-sdk,AL-005 / AL-006,active
TOOL-394,NETWORK-PARTITION-SIMULATOR-CHAOS,Network Partition Simulator,Chaos,Simulate network partitions between services to validate split-brain handling and recovery,organism.chaos.write,Transport Ring,INTERNAL_SOVEREIGN,1.0.0,intelligence-wire/network-partition-simulator-chaos,sovereign,critical,30,1,Returns chaos experiment result with steady-state comparison and impact assessment,Returns error if chaos controller is unavailable or experiment would exceed approved blast radius,@medina/organism-runtime-sdk / @medina/chaos-sdk,AL-005 / AL-006 / AL-014,active
TOOL-395,RESOURCE-EXHAUSTION-TESTER-CHAOS,Resource Exhaustion Tester,Chaos,Test system behavior under resource exhaustion conditions including memory CPU and disk,organism.chaos.write,Proof Ring,INTERNAL_SOVEREIGN,1.0.0,intelligence-wire/resource-exhaustion-tester-chaos,sovereign,critical,60,1,Returns chaos experiment result with steady-state comparison and impact assessment,Returns error if chaos controller is unavailable or experiment would exceed approved blast radius,@medina/organism-runtime-sdk / @medina/chaos-sdk,AL-005 / AL-006,active
TOOL-396,DEPENDENCY-FAILURE-SIMULATOR-CHAOS,Dependency Failure Simulator,Chaos,Simulate downstream dependency failures to validate circuit breaker and fallback behavior,organism.chaos.write,Transport Ring,INTERNAL_SOVEREIGN,1.0.0,intelligence-wire/dependency-failure-simulator-chaos,sovereign,critical,40,1,Returns chaos experiment result with steady-state comparison and impact assessment,Returns error if chaos controller is unavailable or experiment would exceed approved blast radius,@medina/organism-runtime-sdk / @medina/chaos-sdk,AL-005 / AL-006,active
TOOL-397,STEADY-STATE-VERIFIER-CHAOS,Steady State Verifier,Chaos,Verify system steady state hypotheses before and after chaos experiments with metric comparison,organism.chaos.read,Proof Ring,INTERNAL_SOVEREIGN,1.0.0,intelligence-wire/steady-state-verifier-chaos,sovereign,standard,50,1,Returns chaos experiment result with steady-state comparison and impact assessment,Returns error if chaos controller is unavailable or experiment would exceed approved blast radius,@medina/organism-runtime-sdk / @medina/chaos-sdk,AL-005 / AL-019,active
TOOL-398,BLAST-RADIUS-ESTIMATOR-CHAOS,Blast Radius Estimator,Chaos,Estimate the blast radius of potential failures to scope chaos experiments safely,organism.chaos.read,Geometry Ring,INTERNAL_SOVEREIGN,1.0.0,intelligence-wire/sovereign-infra,metered,standard,70,1,Returns chaos experiment result with steady-state comparison and impact assessment,Returns error if chaos controller is unavailable or experiment would exceed approved blast radius,@medina/organism-runtime-sdk / @medina/sovereign-infra-engine,AL-005 / AL-006,active
TOOL-399,AUTO-SCALING-VALIDATOR-CHAOS,Auto-Scaling Validator,Chaos,Validate auto-scaling policies by simulating load ramps and verifying scaling response curves,organism.chaos.write,Transport Ring,INTERNAL_SOVEREIGN,1.0.0,intelligence-wire/auto-scaling-validator-chaos,sovereign,critical,120,2,Returns chaos experiment result with steady-state comparison and impact assessment,Returns error if chaos controller is unavailable or experiment would exceed approved blast radius,@medina/organism-runtime-sdk / @medina/chaos-sdk,AL-005 / AL-019,active
TOOL-400,CHAOS-EXPERIMENT-REGISTRY-CHAOS,Chaos Experiment Registry,Chaos,Register and catalog chaos experiments with results tracking and recurrence scheduling,organism.chaos.read,Counsel Ring,INTERNAL_SOVEREIGN,1.0.0,intelligence-wire/sovereign-infra,metered,standard,30,0,Returns chaos experiment result with steady-state comparison and impact assessment,Returns error if chaos controller is unavailable or experiment would exceed approved blast radius,@medina/organism-runtime-sdk / @medina/sovereign-infra-engine,AL-005 / AL-040,active
